"date","N","variable","value"
2020-01-07,24076,"anger",NA
2020-01-08,24000,"anger",NA
2020-01-09,28719,"anger",NA
2020-01-10,25201,"anger",NA
2020-01-11,20253,"anger",NA
2020-01-12,20505,"anger",NA
2020-01-13,24801,"anger",0.0133416832800666
2020-01-14,26656,"anger",-0.0111443766527112
2020-01-15,25818,"anger",-0.00088796793991594
2020-01-16,26850,"anger",0.00565924022439629
2020-01-17,24174,"anger",-0.00639050406340441
2020-01-18,19488,"anger",-0.0136301341847836
2020-01-19,20042,"anger",-0.0405971904904501
2020-01-20,24495,"anger",-0.0199436942103068
2020-01-21,26887,"anger",-0.00588028369323771
2020-01-22,23810,"anger",-0.0152569067256176
2020-01-23,27086,"anger",-0.0314868222661187
2020-01-24,24465,"anger",-0.0510605835004729
2020-01-25,17734,"anger",-0.0611774533321885
2020-01-26,18188,"anger",-0.0620947487244296
2020-01-27,22899,"anger",-0.0991088700598669
2020-01-28,26893,"anger",-0.133015552930686
2020-01-29,23706,"anger",-0.151229288361506
2020-01-30,25342,"anger",-0.166622828809561
2020-01-31,21099,"anger",-0.151402381203848
2020-02-01,14437,"anger",-0.161883127136816
2020-02-02,19327,"anger",-0.127994720133512
2020-02-03,26098,"anger",-0.0992723460964918
2020-02-04,26927,"anger",-0.0835882907544794
2020-02-05,29462,"anger",-0.0730559479469663
2020-02-06,29492,"anger",-0.0564203811049701
2020-02-07,27633,"anger",-0.0750311747605189
2020-02-08,19878,"anger",-0.05512372958526
2020-02-09,19375,"anger",-0.0909205987590753
2020-02-10,26090,"anger",-0.110227126586305
2020-02-11,29678,"anger",-0.109948707604412
2020-02-12,25812,"anger",-0.130431751645517
2020-02-13,27375,"anger",-0.131881278408493
2020-02-14,27251,"anger",-0.10091625543556
2020-02-15,18966,"anger",-0.0927476531226097
2020-02-16,19685,"anger",-0.0961645657330764
2020-02-17,26578,"anger",-0.0772158338719541
2020-02-18,27099,"anger",-0.0555753565460014
2020-02-19,24424,"anger",-0.03105130365556
2020-02-20,25827,"anger",-0.0133883239591121
2020-02-21,25080,"anger",-0.0284525902688952
2020-02-22,19409,"anger",-0.0501284225494769
2020-02-23,24414,"anger",-0.0591258813192504
2020-02-24,28657,"anger",-0.0754519687980938
2020-02-25,35943,"anger",-0.110239306708889
2020-02-26,37702,"anger",-0.129558239696365
2020-02-27,41752,"anger",-0.17029357217775
2020-02-28,35822,"anger",-0.17794434904052
2020-02-29,25370,"anger",-0.179021604469859
2020-03-01,6835,"anger",-0.166280234524481
2020-03-02,3072,"anger",-0.149942390998412
2020-03-03,1893,"anger",-0.112397018312359
2020-03-04,1291,"anger",-0.0925249237558767
2020-03-05,1003,"anger",-0.126285830365836
2020-03-06,11946,"anger",-0.163605853719583
2020-03-07,207,"anger",-0.222883279773785
2020-03-08,137,"anger",-0.253162419177117
2020-03-09,12099,"anger",-0.298846192440214
2020-03-10,22458,"anger",-0.35345742508605
2020-03-11,24327,"anger",-0.400742202167083
2020-03-12,29652,"anger",-0.386344764594892
2020-03-13,43191,"anger",-0.36488146921924
2020-03-14,33038,"anger",-0.333558537316502
2020-03-15,45727,"anger",-0.336707548332105
2020-03-16,41013,"anger",-0.329745182596897
2020-03-17,40185,"anger",-0.323833846580289
2020-03-18,38988,"anger",-0.307331583604229
2020-03-19,36193,"anger",-0.299498738300637
2020-03-20,33285,"anger",-0.30108183964169
2020-03-21,27818,"anger",-0.297464396892628
2020-03-22,29800,"anger",-0.278673665558407
2020-03-23,30122,"anger",-0.281744684336914
2020-03-24,32487,"anger",-0.284804355160397
2020-03-25,30276,"anger",-0.29589684260238
2020-03-26,33030,"anger",-0.298153705985726
2020-03-27,33123,"anger",-0.301883579810217
2020-03-28,24135,"anger",-0.288868791801978
2020-03-29,26596,"anger",-0.301658507129487
2020-03-30,44863,"anger",-0.302767601977129
2020-03-31,30547,"anger",-0.294718288046743
2020-04-01,29116,"anger",-0.280137530256936
2020-04-02,29925,"anger",-0.270900167050071
2020-04-03,29664,"anger",-0.255836634041056
2020-04-04,27530,"anger",-0.267768766554288
2020-04-05,1518,"anger",-0.234943430551788
2020-04-06,9,"anger",-0.333832111161171
2020-04-07,NA,"anger",NA
2020-04-08,NA,"anger",NA
2020-04-09,NA,"anger",NA
2020-04-10,NA,"anger",NA
2020-04-11,NA,"anger",NA
2020-04-12,16831,"anger",NA
2020-04-13,20716,"anger",NA
2020-04-14,27452,"anger",NA
2020-04-15,23034,"anger",NA
2020-04-16,21689,"anger",NA
2020-04-17,22067,"anger",NA
2020-04-18,20590,"anger",-0.251416199674118
2020-04-19,21957,"anger",-0.261498529031126
2020-04-20,20133,"anger",-0.267171636390802
2020-04-21,22342,"anger",-0.276902788712814
2020-04-22,19332,"anger",-0.274920484580021
2020-04-23,17846,"anger",-0.273782792281592
2020-04-24,19985,"anger",-0.257008803592171
2020-04-25,14985,"anger",-0.263902941666979
2020-04-26,13225,"anger",-0.251415346672256
2020-04-27,18661,"anger",-0.253599979583589
2020-04-28,19924,"anger",-0.252046500398247
2020-04-29,17203,"anger",-0.256357193085219
2020-04-30,16687,"anger",-0.268429502241595
2020-05-01,14936,"anger",-0.279787856625052
2020-05-02,15867,"anger",-0.27296065107983
2020-05-03,12979,"anger",-0.285905987286833
2020-05-04,16048,"anger",-0.296439315500278
2020-05-05,14514,"anger",-0.297876439563313
2020-05-06,18188,"anger",-0.294377978557735
2020-05-07,14155,"anger",-0.279416860602424
2020-05-08,11241,"anger",-0.300385808416698
2020-05-09,8092,"anger",-0.311147869724531
2020-05-10,9763,"anger",-0.279198672553464
2020-05-11,12677,"anger",-0.285123506942248
2020-05-12,12976,"anger",-0.257358386311509
2020-05-13,14456,"anger",-0.255764805318739
2020-05-14,13774,"anger",-0.243684311610585
2020-05-15,16734,"anger",-0.225021624146865
2020-05-16,11936,"anger",-0.235832494449506
2020-05-17,10205,"anger",-0.241701565698562
2020-05-18,15564,"anger",-0.232998902762731
2020-05-19,13081,"anger",-0.224207641616743
2020-05-20,12189,"anger",-0.238868773128581
2020-05-21,8029,"anger",-0.248556598312034
2020-05-22,8505,"anger",-0.265070715044524
2020-05-23,9099,"anger",-0.226976272069515
2020-05-24,9081,"anger",-0.249172628136124
2020-05-25,12633,"anger",-0.248050712832557
2020-05-26,13295,"anger",-0.269974516599123
2020-05-27,12600,"anger",-0.250543419225278
2020-05-28,12351,"anger",-0.245151729908152
2020-05-29,13900,"anger",-0.248638415751203
2020-05-30,11217,"anger",-0.291659413884563
2020-05-31,8723,"anger",-0.310319492539518
2020-06-01,5563,"anger",-0.303696172439911
2020-06-02,7941,"anger",-0.277124225963502
2020-06-03,11659,"anger",-0.274986155021462
2020-06-04,23387,"anger",-0.260522299154145
2020-06-05,19181,"anger",-0.238746136074074
2020-06-06,3348,"anger",-0.178270676406173
2020-06-07,4962,"anger",-0.126055952155843
2020-06-08,10475,"anger",-0.125672432855229
2020-06-09,15807,"anger",-0.135428693129896
2020-06-10,19915,"anger",-0.119268001420385
2020-06-11,3464,"anger",-0.163304343098224
2020-06-12,2347,"anger",-0.186138446383705
2020-06-13,196,"anger",-0.229176301878883
2020-06-14,1570,"anger",-0.147919192624958
2020-06-15,70,"anger",-0.202113164710426
2020-06-16,322,"anger",-0.278083763022969
2020-06-17,9917,"anger",-0.310728173343527
2020-06-18,4150,"anger",-0.306723197606557
2020-06-19,4992,"anger",-0.284448089479839
2020-06-20,535,"anger",-0.272802929337677
2020-06-21,1379,"anger",-0.386291056597977
2020-06-22,1957,"anger",-0.322483008292898
2020-06-23,1712,"anger",-0.224357564188426
2020-06-24,16287,"anger",-0.184374902052619
2020-06-25,10560,"anger",-0.138900930821129
2020-06-26,NA,"anger",NA
2020-06-27,NA,"anger",NA
2020-06-28,NA,"anger",NA
2020-06-29,NA,"anger",NA
2020-06-30,NA,"anger",NA
2020-07-01,NA,"anger",NA
2020-07-02,NA,"anger",NA
2020-07-03,NA,"anger",NA
2020-07-04,NA,"anger",NA
2020-07-05,NA,"anger",NA
2020-07-06,NA,"anger",NA
2020-07-07,NA,"anger",NA
2020-07-08,NA,"anger",NA
2020-07-09,NA,"anger",NA
2020-07-10,NA,"anger",NA
2020-07-11,NA,"anger",NA
2020-07-12,NA,"anger",NA
2020-07-13,NA,"anger",NA
2020-07-14,NA,"anger",NA
2020-07-15,NA,"anger",NA
2020-07-16,NA,"anger",NA
2020-07-17,NA,"anger",NA
2020-07-18,NA,"anger",NA
2020-07-19,NA,"anger",NA
2020-07-20,NA,"anger",NA
2020-07-21,NA,"anger",NA
2020-07-22,NA,"anger",NA
2020-07-23,NA,"anger",NA
2020-07-24,NA,"anger",NA
2020-07-25,NA,"anger",NA
2020-07-26,NA,"anger",NA
2020-07-27,NA,"anger",NA
2020-07-28,NA,"anger",NA
2020-07-29,NA,"anger",NA
2020-07-30,NA,"anger",NA
2020-07-31,NA,"anger",NA
2020-08-01,NA,"anger",NA
2020-08-02,NA,"anger",NA
2020-08-03,NA,"anger",NA
2020-08-04,NA,"anger",NA
2020-08-05,NA,"anger",NA
2020-08-06,NA,"anger",NA
2020-08-07,NA,"anger",NA
2020-08-08,NA,"anger",NA
2020-08-09,NA,"anger",NA
2020-08-10,NA,"anger",NA
2020-08-11,NA,"anger",NA
2020-08-12,NA,"anger",NA
2020-08-13,NA,"anger",NA
2020-08-14,NA,"anger",NA
2020-08-15,NA,"anger",NA
2020-08-16,NA,"anger",NA
2020-08-17,NA,"anger",NA
2020-08-18,NA,"anger",NA
2020-08-19,NA,"anger",NA
2020-08-20,NA,"anger",NA
2020-08-21,NA,"anger",NA
2020-08-22,NA,"anger",NA
2020-08-23,NA,"anger",NA
2020-08-24,NA,"anger",NA
2020-08-25,NA,"anger",NA
2020-08-26,NA,"anger",NA
2020-08-27,NA,"anger",NA
2020-08-28,NA,"anger",NA
2020-08-29,NA,"anger",NA
2020-08-30,NA,"anger",NA
2020-08-31,NA,"anger",NA
2020-09-01,NA,"anger",NA
2020-09-02,NA,"anger",NA
2020-09-03,NA,"anger",NA
2020-09-04,NA,"anger",NA
2020-09-05,NA,"anger",NA
2020-09-06,NA,"anger",NA
2020-09-07,NA,"anger",NA
2020-09-08,NA,"anger",NA
2020-09-09,NA,"anger",NA
2020-09-10,NA,"anger",NA
2020-09-11,NA,"anger",NA
2020-09-12,11,"anger",NA
2020-09-13,11338,"anger",NA
2020-09-14,17431,"anger",NA
2020-09-15,14419,"anger",NA
2020-09-16,11733,"anger",NA
2020-09-17,18082,"anger",NA
2020-09-18,13247,"anger",-0.115793313364436
2020-09-19,11173,"anger",-0.250588173235985
2020-09-20,11619,"anger",-0.278600383636556
2020-09-21,12463,"anger",-0.296257950386562
2020-09-22,16636,"anger",-0.267077149289879
2020-09-23,12395,"anger",-0.249267606376731
2020-09-24,16010,"anger",-0.232805278686449
2020-09-25,16386,"anger",-0.235289394836266
2020-09-26,9419,"anger",-0.222911241717865
2020-09-27,9394,"anger",-0.186655324245152
2020-09-28,14842,"anger",-0.2017760033207
2020-09-29,13928,"anger",-0.196823963227631
2020-09-30,19426,"anger",-0.191587072683623
2020-10-01,10528,"anger",-0.19411800022473
2020-10-02,14583,"anger",-0.189037936308927
2020-10-03,12866,"anger",-0.181774621059197
2020-10-04,14063,"anger",-0.206409182711052
2020-10-05,17597,"anger",-0.194305730889465
2020-10-06,19689,"anger",-0.213659023566009
2020-10-07,17279,"anger",-0.204632606188571
2020-10-08,18944,"anger",-0.202460142682013
2020-10-09,14348,"anger",-0.205276072240664
2020-10-10,11288,"anger",-0.222102525091154
2020-10-11,28228,"anger",-0.235592534201906
2020-10-12,15455,"anger",-0.261016648047429
2020-10-13,19164,"anger",-0.26257346532799
2020-10-14,24838,"anger",-0.292127520617773
2020-10-15,21101,"anger",-0.285563970438465
2020-10-16,17745,"anger",-0.303690709852268
2020-10-17,15021,"anger",-0.31408250006139
2020-10-18,15159,"anger",-0.303960277838703
2020-10-19,23730,"anger",-0.282332387777657
2020-10-20,17898,"anger",-0.289866699069974
2020-10-21,23512,"anger",-0.280846996285604
2020-10-22,29393,"anger",-0.277983455036943
2020-10-23,21401,"anger",-0.254645987343429
2020-10-24,18267,"anger",-0.246334313799839
2020-10-25,20117,"anger",-0.252343820845758
2020-10-26,17425,"anger",-0.242688591117918
2020-10-27,27389,"anger",-0.236242362098982
2020-10-28,25282,"anger",-0.235062867811172
2020-10-29,32631,"anger",-0.246481722345336
2020-10-30,26306,"anger",-0.244236150148514
2020-10-31,32013,"anger",-0.235275742128447
2020-11-01,21466,"anger",-0.227103382687165
2020-11-02,31993,"anger",-0.132385261666303
2020-11-03,49520,"anger",-0.0631725455369749
2020-11-04,63399,"anger",-0.0668716097753002
2020-11-05,61206,"anger",-0.066055231402481
2020-11-06,54770,"anger",-0.0837741099098702
2020-11-07,48358,"anger",-0.0921811624147343
2020-11-08,22775,"anger",-0.0884465833523088
2020-11-09,19930,"anger",-0.193911543561553
2020-11-10,22048,"anger",-0.273033774248235
2020-11-11,23360,"anger",-0.286989808550741
2020-11-12,23265,"anger",-0.291600070088696
2020-11-13,25055,"anger",-0.284604513219205
2020-11-14,37072,"anger",-0.284332112038877
2020-11-15,27607,"anger",-0.305436636615877
2020-11-16,22405,"anger",-0.316485637232235
2020-11-17,20604,"anger",-0.306156506101194
2020-11-18,24569,"anger",-0.281651025531375
2020-11-19,19207,"anger",-0.275974658189206
2020-11-20,15558,"anger",-0.285026457802272
2020-11-21,17409,"anger",-0.272594621089507
2020-11-22,16367,"anger",-0.235521335464456
2020-11-23,18342,"anger",-0.236108523884201
2020-11-24,16945,"anger",-0.242816920761615
2020-11-25,21294,"anger",-0.267765091995111
2020-11-26,20287,"anger",-0.281550785849729
2020-11-27,17148,"anger",-0.284646610137649
2020-11-28,13921,"anger",-0.286526108853151
2020-11-29,13317,"anger",-0.323551352495628
2020-11-30,16794,"anger",-0.320110224146637
2020-12-01,3366,"anger",-0.320514112651163
2020-12-02,24321,"anger",-0.310251197774188
2020-12-03,19035,"anger",-0.295575423460017
2020-12-04,23327,"anger",-0.291723230687942
2020-12-05,15034,"anger",-0.315182045698297
2020-12-06,16199,"anger",-0.297793726517745
2020-12-07,17223,"anger",-0.295454996597748
2020-12-08,17978,"anger",-0.271830964573256
2020-12-09,18570,"anger",-0.274174975293084
2020-12-10,17386,"anger",-0.265675513571523
2020-12-11,18890,"anger",-0.257654300634276
2020-01-07,24076,"anxiety",NA
2020-01-08,24000,"anxiety",NA
2020-01-09,28719,"anxiety",NA
2020-01-10,25201,"anxiety",NA
2020-01-11,20253,"anxiety",NA
2020-01-12,20505,"anxiety",NA
2020-01-13,24801,"anxiety",-0.0685434533760134
2020-01-14,26656,"anxiety",-0.0390473346105275
2020-01-15,25818,"anxiety",-0.0402496929497097
2020-01-16,26850,"anxiety",-0.0339882344118832
2020-01-17,24174,"anxiety",-0.021084020320359
2020-01-18,19488,"anxiety",-0.0426322830898333
2020-01-19,20042,"anxiety",-0.0356350655182683
2020-01-20,24495,"anxiety",-0.0570212797192516
2020-01-21,26887,"anxiety",-0.0657786449331206
2020-01-22,23810,"anxiety",-0.0589282025809882
2020-01-23,27086,"anxiety",-0.0451963508608726
2020-01-24,24465,"anxiety",-0.0497039266594746
2020-01-25,17734,"anxiety",-0.0208994019964935
2020-01-26,18188,"anxiety",-0.00776915660549679
2020-01-27,22899,"anxiety",0.000693704957507511
2020-01-28,26893,"anxiety",-0.00265211722526153
2020-01-29,23706,"anxiety",-0.00121340865024917
2020-01-30,25342,"anxiety",-0.00444283157678044
2020-01-31,21099,"anxiety",0.0148948560101574
2020-02-01,14437,"anxiety",0.0118045627898858
2020-02-02,19327,"anxiety",-0.000953203975426162
2020-02-03,26098,"anxiety",0.0381792880952959
2020-02-04,26927,"anxiety",0.038566740035994
2020-02-05,29462,"anxiety",0.0675380128465023
2020-02-06,29492,"anxiety",0.0727893895021232
2020-02-07,27633,"anxiety",0.056175447221575
2020-02-08,19878,"anxiety",0.0552764859417564
2020-02-09,19375,"anxiety",0.0573430722444585
2020-02-10,26090,"anxiety",0.0216819944082084
2020-02-11,29678,"anxiety",0.028349478697838
2020-02-12,25812,"anxiety",0.0204884772568109
2020-02-13,27375,"anxiety",0.0448335791617305
2020-02-14,27251,"anxiety",0.0568435506682849
2020-02-15,18966,"anxiety",0.0608570812378983
2020-02-16,19685,"anxiety",0.0416468660584101
2020-02-17,26578,"anxiety",0.0552461217796723
2020-02-18,27099,"anxiety",0.0430528857947075
2020-02-19,24424,"anxiety",0.0176398208094335
2020-02-20,25827,"anxiety",-0.0180210997746847
2020-02-21,25080,"anxiety",-0.0164389291044114
2020-02-22,19409,"anxiety",0.0151594127666868
2020-02-23,24414,"anxiety",0.089959515885343
2020-02-24,28657,"anxiety",0.154934513399446
2020-02-25,35943,"anxiety",0.265082266453265
2020-02-26,37702,"anxiety",0.3966289099437
2020-02-27,41752,"anxiety",0.496577887337162
2020-02-28,35822,"anxiety",0.560632945712608
2020-02-29,25370,"anxiety",0.554113598433522
2020-03-01,6835,"anxiety",0.506646140953508
2020-03-02,3072,"anxiety",0.409065018760176
2020-03-03,1893,"anxiety",0.324979431072027
2020-03-04,1291,"anxiety",0.244168684067692
2020-03-05,1003,"anxiety",0.228791824804165
2020-03-06,11946,"anxiety",0.309651763304934
2020-03-07,207,"anxiety",0.384679100585743
2020-03-08,137,"anxiety",0.31763586079411
2020-03-09,12099,"anxiety",0.486109614438446
2020-03-10,22458,"anxiety",0.550094542981657
2020-03-11,24327,"anxiety",0.569171221278928
2020-03-12,29652,"anxiety",0.555988729859989
2020-03-13,43191,"anxiety",0.473531292778376
2020-03-14,33038,"anxiety",0.395478744815214
2020-03-15,45727,"anxiety",0.463074136456394
2020-03-16,41013,"anxiety",0.310661936243006
2020-03-17,40185,"anxiety",0.222968215857987
2020-03-18,38988,"anxiety",0.204949357904868
2020-03-19,36193,"anxiety",0.152069932131771
2020-03-20,33285,"anxiety",0.11292147506788
2020-03-21,27818,"anxiety",0.103883224567201
2020-03-22,29800,"anxiety",0.0893415485327488
2020-03-23,30122,"anxiety",0.114281433277457
2020-03-24,32487,"anxiety",0.123635291469572
2020-03-25,30276,"anxiety",0.0891987213222271
2020-03-26,33030,"anxiety",0.105499782241308
2020-03-27,33123,"anxiety",0.0923563264138512
2020-03-28,24135,"anxiety",0.077926490643525
2020-03-29,26596,"anxiety",0.074459586995712
2020-03-30,44863,"anxiety",0.0524526171015673
2020-03-31,30547,"anxiety",0.075949490981491
2020-04-01,29116,"anxiety",0.0774839584278758
2020-04-02,29925,"anxiety",0.0682190551643485
2020-04-03,29664,"anxiety",0.0603264575588479
2020-04-04,27530,"anxiety",0.0782163988792359
2020-04-05,1518,"anxiety",0.0536430924375571
2020-04-06,9,"anxiety",-0.0915221312688554
2020-04-07,NA,"anxiety",NA
2020-04-08,NA,"anxiety",NA
2020-04-09,NA,"anxiety",NA
2020-04-10,NA,"anxiety",NA
2020-04-11,NA,"anxiety",NA
2020-04-12,16831,"anxiety",NA
2020-04-13,20716,"anxiety",NA
2020-04-14,27452,"anxiety",NA
2020-04-15,23034,"anxiety",NA
2020-04-16,21689,"anxiety",NA
2020-04-17,22067,"anxiety",NA
2020-04-18,20590,"anxiety",0.00510735225257034
2020-04-19,21957,"anxiety",0.00159267229704835
2020-04-20,20133,"anxiety",0.0133244736936616
2020-04-21,22342,"anxiety",0.016259948652669
2020-04-22,19332,"anxiety",0.0372486050792604
2020-04-23,17846,"anxiety",0.0650395528694523
2020-04-24,19985,"anxiety",0.0454242161570106
2020-04-25,14985,"anxiety",0.0521227610621143
2020-04-26,13225,"anxiety",0.0633655388931428
2020-04-27,18661,"anxiety",0.179122682988771
2020-04-28,19924,"anxiety",0.233067520929047
2020-04-29,17203,"anxiety",0.218691332247372
2020-04-30,16687,"anxiety",0.231756145227939
2020-05-01,14936,"anxiety",0.22788145968292
2020-05-02,15867,"anxiety",0.220836118674019
2020-05-03,12979,"anxiety",0.21637761053603
2020-05-04,16048,"anxiety",0.117684323690018
2020-05-05,14514,"anxiety",0.0754012675932766
2020-05-06,18188,"anxiety",0.0703257286108023
2020-05-07,14155,"anxiety",0.0359568908083148
2020-05-08,11241,"anxiety",0.0179240137481518
2020-05-09,8092,"anxiety",0.0191986531747682
2020-05-10,9763,"anxiety",0.0261828709785384
2020-05-11,12677,"anxiety",0.0359479873316862
2020-05-12,12976,"anxiety",0.0733738842873323
2020-05-13,14456,"anxiety",0.0735345042733645
2020-05-14,13774,"anxiety",0.0861624132191715
2020-05-15,16734,"anxiety",0.138923161055148
2020-05-16,11936,"anxiety",0.107512488074133
2020-05-17,10205,"anxiety",0.0988067207022338
2020-05-18,15564,"anxiety",0.0987186794027196
2020-05-19,13081,"anxiety",0.0582723455991966
2020-05-20,12189,"anxiety",0.0514543441614081
2020-05-21,8029,"anxiety",0.00454829674821337
2020-05-22,8505,"anxiety",-0.0230562520690589
2020-05-23,9099,"anxiety",-0.0393969995989608
2020-05-24,9081,"anxiety",-0.0552577368180587
2020-05-25,12633,"anxiety",-0.0584561670835883
2020-05-26,13295,"anxiety",-0.0786423796076689
2020-05-27,12600,"anxiety",-0.0549589320408793
2020-05-28,12351,"anxiety",-0.0326536122574003
2020-05-29,13900,"anxiety",-0.0446936861048863
2020-05-30,11217,"anxiety",0.0245327476551847
2020-05-31,8723,"anxiety",0.0557038169633141
2020-06-01,5563,"anxiety",0.0396550967159978
2020-06-02,7941,"anxiety",0.120633011445465
2020-06-03,11659,"anxiety",0.125562343401479
2020-06-04,23387,"anxiety",0.152851899442037
2020-06-05,19181,"anxiety",0.150498057534684
2020-06-06,3348,"anxiety",0.153846171913368
2020-06-07,4962,"anxiety",0.123407555694323
2020-06-08,10475,"anxiety",0.130314387119931
2020-06-09,15807,"anxiety",0.0749656776233959
2020-06-10,19915,"anxiety",0.0298885649754715
2020-06-11,3464,"anxiety",0.0945817343675842
2020-06-12,2347,"anxiety",0.123864657845543
2020-06-13,196,"anxiety",0.0580098713451089
2020-06-14,1570,"anxiety",-0.024411620056772
2020-06-15,70,"anxiety",-0.176533126093971
2020-06-16,322,"anxiety",-0.156018164222007
2020-06-17,9917,"anxiety",-0.116584678025524
2020-06-18,4150,"anxiety",-0.205643634055545
2020-06-19,4992,"anxiety",-0.247302788610997
2020-06-20,535,"anxiety",-0.137222077425365
2020-06-21,1379,"anxiety",-0.00816002124774906
2020-06-22,1957,"anxiety",0.234061791985536
2020-06-23,1712,"anxiety",0.168882617613925
2020-06-24,16287,"anxiety",0.168187647858738
2020-06-25,10560,"anxiety",0.15364139157704
2020-06-26,NA,"anxiety",NA
2020-06-27,NA,"anxiety",NA
2020-06-28,NA,"anxiety",NA
2020-06-29,NA,"anxiety",NA
2020-06-30,NA,"anxiety",NA
2020-07-01,NA,"anxiety",NA
2020-07-02,NA,"anxiety",NA
2020-07-03,NA,"anxiety",NA
2020-07-04,NA,"anxiety",NA
2020-07-05,NA,"anxiety",NA
2020-07-06,NA,"anxiety",NA
2020-07-07,NA,"anxiety",NA
2020-07-08,NA,"anxiety",NA
2020-07-09,NA,"anxiety",NA
2020-07-10,NA,"anxiety",NA
2020-07-11,NA,"anxiety",NA
2020-07-12,NA,"anxiety",NA
2020-07-13,NA,"anxiety",NA
2020-07-14,NA,"anxiety",NA
2020-07-15,NA,"anxiety",NA
2020-07-16,NA,"anxiety",NA
2020-07-17,NA,"anxiety",NA
2020-07-18,NA,"anxiety",NA
2020-07-19,NA,"anxiety",NA
2020-07-20,NA,"anxiety",NA
2020-07-21,NA,"anxiety",NA
2020-07-22,NA,"anxiety",NA
2020-07-23,NA,"anxiety",NA
2020-07-24,NA,"anxiety",NA
2020-07-25,NA,"anxiety",NA
2020-07-26,NA,"anxiety",NA
2020-07-27,NA,"anxiety",NA
2020-07-28,NA,"anxiety",NA
2020-07-29,NA,"anxiety",NA
2020-07-30,NA,"anxiety",NA
2020-07-31,NA,"anxiety",NA
2020-08-01,NA,"anxiety",NA
2020-08-02,NA,"anxiety",NA
2020-08-03,NA,"anxiety",NA
2020-08-04,NA,"anxiety",NA
2020-08-05,NA,"anxiety",NA
2020-08-06,NA,"anxiety",NA
2020-08-07,NA,"anxiety",NA
2020-08-08,NA,"anxiety",NA
2020-08-09,NA,"anxiety",NA
2020-08-10,NA,"anxiety",NA
2020-08-11,NA,"anxiety",NA
2020-08-12,NA,"anxiety",NA
2020-08-13,NA,"anxiety",NA
2020-08-14,NA,"anxiety",NA
2020-08-15,NA,"anxiety",NA
2020-08-16,NA,"anxiety",NA
2020-08-17,NA,"anxiety",NA
2020-08-18,NA,"anxiety",NA
2020-08-19,NA,"anxiety",NA
2020-08-20,NA,"anxiety",NA
2020-08-21,NA,"anxiety",NA
2020-08-22,NA,"anxiety",NA
2020-08-23,NA,"anxiety",NA
2020-08-24,NA,"anxiety",NA
2020-08-25,NA,"anxiety",NA
2020-08-26,NA,"anxiety",NA
2020-08-27,NA,"anxiety",NA
2020-08-28,NA,"anxiety",NA
2020-08-29,NA,"anxiety",NA
2020-08-30,NA,"anxiety",NA
2020-08-31,NA,"anxiety",NA
2020-09-01,NA,"anxiety",NA
2020-09-02,NA,"anxiety",NA
2020-09-03,NA,"anxiety",NA
2020-09-04,NA,"anxiety",NA
2020-09-05,NA,"anxiety",NA
2020-09-06,NA,"anxiety",NA
2020-09-07,NA,"anxiety",NA
2020-09-08,NA,"anxiety",NA
2020-09-09,NA,"anxiety",NA
2020-09-10,NA,"anxiety",NA
2020-09-11,NA,"anxiety",NA
2020-09-12,11,"anxiety",NA
2020-09-13,11338,"anxiety",NA
2020-09-14,17431,"anxiety",NA
2020-09-15,14419,"anxiety",NA
2020-09-16,11733,"anxiety",NA
2020-09-17,18082,"anxiety",NA
2020-09-18,13247,"anxiety",-0.0574593498713972
2020-09-19,11173,"anxiety",0.088880353323331
2020-09-20,11619,"anxiety",0.157708075721492
2020-09-21,12463,"anxiety",0.172869621384537
2020-09-22,16636,"anxiety",0.194890129280387
2020-09-23,12395,"anxiety",0.185829903455632
2020-09-24,16010,"anxiety",0.162890278673691
2020-09-25,16386,"anxiety",0.168176856644818
2020-09-26,9419,"anxiety",0.143975283410116
2020-09-27,9394,"anxiety",0.0460900528110213
2020-09-28,14842,"anxiety",0.0170492142247299
2020-09-29,13928,"anxiety",0.0285139356632434
2020-09-30,19426,"anxiety",0.0744745685874589
2020-10-01,10528,"anxiety",0.117219405556058
2020-10-02,14583,"anxiety",0.145425036781287
2020-10-03,12866,"anxiety",0.244194589109637
2020-10-04,14063,"anxiety",0.292998678797754
2020-10-05,17597,"anxiety",0.300298852915773
2020-10-06,19689,"anxiety",0.28569991291487
2020-10-07,17279,"anxiety",0.301900238795222
2020-10-08,18944,"anxiety",0.31904909907887
2020-10-09,14348,"anxiety",0.276321608649471
2020-10-10,11288,"anxiety",0.219117886766991
2020-10-11,28228,"anxiety",0.174920871816109
2020-10-12,15455,"anxiety",0.153429509101764
2020-10-13,19164,"anxiety",0.117971116573911
2020-10-14,24838,"anxiety",0.10016967027851
2020-10-15,21101,"anxiety",0.0871349601376512
2020-10-16,17745,"anxiety",0.0735194146436266
2020-10-17,15021,"anxiety",0.0606946304647955
2020-10-18,15159,"anxiety",0.0846101394535736
2020-10-19,23730,"anxiety",0.117570112741773
2020-10-20,17898,"anxiety",0.130543818674133
2020-10-21,23512,"anxiety",0.103392200463935
2020-10-22,29393,"anxiety",0.0871649015137363
2020-10-23,21401,"anxiety",0.140994370275986
2020-10-24,18267,"anxiety",0.16066179645177
2020-10-25,20117,"anxiety",0.15154462116321
2020-10-26,17425,"anxiety",0.151501315552381
2020-10-27,27389,"anxiety",0.147769304806028
2020-10-28,25282,"anxiety",0.145243051961054
2020-10-29,32631,"anxiety",0.147984633088903
2020-10-30,26306,"anxiety",0.136245649360226
2020-10-31,32013,"anxiety",0.120026444073919
2020-11-01,21466,"anxiety",0.107827658794144
2020-11-02,31993,"anxiety",0.148398366796366
2020-11-03,49520,"anxiety",0.201436153511632
2020-11-04,63399,"anxiety",0.199351009036486
2020-11-05,61206,"anxiety",0.174854827841067
2020-11-06,54770,"anxiety",0.138458044238146
2020-11-07,48358,"anxiety",0.115674063492126
2020-11-08,22775,"anxiety",0.118992773854169
2020-11-09,19930,"anxiety",0.0490180902604979
2020-11-10,22048,"anxiety",-0.010182139797967
2020-11-11,23360,"anxiety",-0.0121757356965793
2020-11-12,23265,"anxiety",0.0185511451202623
2020-11-13,25055,"anxiety",0.0489100195076445
2020-11-14,37072,"anxiety",0.0533336534939959
2020-11-15,27607,"anxiety",0.0532782626298322
2020-11-16,22405,"anxiety",0.0412093792446606
2020-11-17,20604,"anxiety",0.0505865732255924
2020-11-18,24569,"anxiety",0.047019512197803
2020-11-19,19207,"anxiety",0.0177825711062905
2020-11-20,15558,"anxiety",-0.0364618267626017
2020-11-21,17409,"anxiety",-0.0414381397036651
2020-11-22,16367,"anxiety",-0.0574469125491553
2020-11-23,18342,"anxiety",-0.0662923925119858
2020-11-24,16945,"anxiety",-0.0597304051310881
2020-11-25,21294,"anxiety",-0.0561410550144274
2020-11-26,20287,"anxiety",-0.0757309396871101
2020-11-27,17148,"anxiety",-0.0430931778595233
2020-11-28,13921,"anxiety",-0.0400668140029273
2020-11-29,13317,"anxiety",-0.0275914560996836
2020-11-30,16794,"anxiety",-0.0383843946817659
2020-12-01,3366,"anxiety",-0.0318692824083626
2020-12-02,24321,"anxiety",-0.0881457002550899
2020-12-03,19035,"anxiety",-0.0636554885327929
2020-12-04,23327,"anxiety",-0.0958736084918741
2020-12-05,15034,"anxiety",-0.131263141232138
2020-12-06,16199,"anxiety",-0.142323100177085
2020-12-07,17223,"anxiety",-0.0972816349933744
2020-12-08,17978,"anxiety",-0.13142881532067
2020-12-09,18570,"anxiety",-0.0740722109021904
2020-12-10,17386,"anxiety",-0.0673151476797231
2020-12-11,18890,"anxiety",-0.0694918720448636
2020-01-07,24076,"posemo",NA
2020-01-08,24000,"posemo",NA
2020-01-09,28719,"posemo",NA
2020-01-10,25201,"posemo",NA
2020-01-11,20253,"posemo",NA
2020-01-12,20505,"posemo",NA
2020-01-13,24801,"posemo",-0.0235638396064173
2020-01-14,26656,"posemo",-0.020611874229729
2020-01-15,25818,"posemo",-0.0235329662242915
2020-01-16,26850,"posemo",-0.0216209740993287
2020-01-17,24174,"posemo",-0.0297686317284133
2020-01-18,19488,"posemo",-0.0314820897426335
2020-01-19,20042,"posemo",-0.0344715095257291
2020-01-20,24495,"posemo",-0.0331459572447583
2020-01-21,26887,"posemo",-0.0282516751778911
2020-01-22,23810,"posemo",-0.0252581374627502
2020-01-23,27086,"posemo",-0.0172397182816205
2020-01-24,24465,"posemo",-0.00922349353667922
2020-01-25,17734,"posemo",-0.0055045200738175
2020-01-26,18188,"posemo",-0.00148256589717054
2020-01-27,22899,"posemo",-0.00078633172820917
2020-01-28,26893,"posemo",-0.00436764432625745
2020-01-29,23706,"posemo",0.000713999224356036
2020-01-30,25342,"posemo",-0.000831425532908747
2020-01-31,21099,"posemo",0.00573881126872321
2020-02-01,14437,"posemo",0.0135395838822858
2020-02-02,19327,"posemo",0.0114110438762048
2020-02-03,26098,"posemo",0.00393015376556906
2020-02-04,26927,"posemo",0.00645718472810551
2020-02-05,29462,"posemo",0.00222747187107406
2020-02-06,29492,"posemo",-0.00216498617954044
2020-02-07,27633,"posemo",-0.0144984490298358
2020-02-08,19878,"posemo",-0.0268935107894862
2020-02-09,19375,"posemo",-0.0328918598308658
2020-02-10,26090,"posemo",-0.0270428040497835
2020-02-11,29678,"posemo",-0.0287350315121101
2020-02-12,25812,"posemo",-0.0295074601696708
2020-02-13,27375,"posemo",-0.0283716988687879
2020-02-14,27251,"posemo",-0.0119528155690391
2020-02-15,18966,"posemo",0.0024584896922244
2020-02-16,19685,"posemo",0.00945958410666891
2020-02-17,26578,"posemo",0.00677176778934545
2020-02-18,27099,"posemo",0.0087874760834698
2020-02-19,24424,"posemo",0.01181219000413
2020-02-20,25827,"posemo",0.0114995658859038
2020-02-21,25080,"posemo",-0.000460287297772267
2020-02-22,19409,"posemo",-0.0108374307480292
2020-02-23,24414,"posemo",-0.0124241409741034
2020-02-24,28657,"posemo",-0.0143947657771581
2020-02-25,35943,"posemo",-0.015040164702768
2020-02-26,37702,"posemo",-0.017484656024285
2020-02-27,41752,"posemo",-0.0137647564539902
2020-02-28,35822,"posemo",-0.0144211810969171
2020-02-29,25370,"posemo",-0.0157300254516751
2020-03-01,6835,"posemo",-0.0114052179730561
2020-03-02,3072,"posemo",-0.0110420692664446
2020-03-03,1893,"posemo",-0.0103488524705648
2020-03-04,1291,"posemo",-0.00609997103553029
2020-03-05,1003,"posemo",-0.00150987844156733
2020-03-06,11946,"posemo",-0.00279101605973669
2020-03-07,207,"posemo",0.0112539449078907
2020-03-08,137,"posemo",-0.0191284520978553
2020-03-09,12099,"posemo",-0.0215191410353193
2020-03-10,22458,"posemo",-0.0297808919883083
2020-03-11,24327,"posemo",-0.0384059982560386
2020-03-12,29652,"posemo",-0.0398999774237918
2020-03-13,43191,"posemo",-0.0359765425192392
2020-03-14,33038,"posemo",-0.0474027019696422
2020-03-15,45727,"posemo",-0.00826507354148425
2020-03-16,41013,"posemo",0.00326078763490336
2020-03-17,40185,"posemo",0.0132632146002383
2020-03-18,38988,"posemo",0.0191908690530908
2020-03-19,36193,"posemo",0.0229170490157968
2020-03-20,33285,"posemo",0.0310934154106657
2020-03-21,27818,"posemo",0.0381918206058696
2020-03-22,29800,"posemo",0.0323225844795265
2020-03-23,30122,"posemo",0.0273903231360294
2020-03-24,32487,"posemo",0.0287517174844404
2020-03-25,30276,"posemo",0.0307487676688807
2020-03-26,33030,"posemo",0.0254202294440234
2020-03-27,33123,"posemo",0.0205508753610895
2020-03-28,24135,"posemo",0.0151189388850278
2020-03-29,26596,"posemo",0.0106383829022228
2020-03-30,44863,"posemo",0.00371434126981334
2020-03-31,30547,"posemo",-0.0016094770112476
2020-04-01,29116,"posemo",-0.00096399246530994
2020-04-02,29925,"posemo",-0.00259067026771497
2020-04-03,29664,"posemo",-0.00765346841924404
2020-04-04,27530,"posemo",-0.0115559998775949
2020-04-05,1518,"posemo",0.00119066035317343
2020-04-06,9,"posemo",-0.0762940019425517
2020-04-07,NA,"posemo",NA
2020-04-08,NA,"posemo",NA
2020-04-09,NA,"posemo",NA
2020-04-10,NA,"posemo",NA
2020-04-11,NA,"posemo",NA
2020-04-12,16831,"posemo",NA
2020-04-13,20716,"posemo",NA
2020-04-14,27452,"posemo",NA
2020-04-15,23034,"posemo",NA
2020-04-16,21689,"posemo",NA
2020-04-17,22067,"posemo",NA
2020-04-18,20590,"posemo",0.0462346298061167
2020-04-19,21957,"posemo",0.0437163783156237
2020-04-20,20133,"posemo",0.0316896334895529
2020-04-21,22342,"posemo",0.0284578290860543
2020-04-22,19332,"posemo",0.030011898105117
2020-04-23,17846,"posemo",0.0288576866646922
2020-04-24,19985,"posemo",0.0272186220027702
2020-04-25,14985,"posemo",0.0218790410841323
2020-04-26,13225,"posemo",0.018674074025716
2020-04-27,18661,"posemo",0.0180489956502806
2020-04-28,19924,"posemo",0.0211242591392806
2020-04-29,17203,"posemo",0.019073212025961
2020-04-30,16687,"posemo",0.022459691047306
2020-05-01,14936,"posemo",0.0347811527624876
2020-05-02,15867,"posemo",0.0318923223724726
2020-05-03,12979,"posemo",0.0338961839417519
2020-05-04,16048,"posemo",0.036739003938359
2020-05-05,14514,"posemo",0.0351789552930018
2020-05-06,18188,"posemo",0.0384644912008657
2020-05-07,14155,"posemo",0.0368217441338027
2020-05-08,11241,"posemo",0.0172449560652798
2020-05-09,8092,"posemo",0.0256053014666275
2020-05-10,9763,"posemo",0.0332570073563648
2020-05-11,12677,"posemo",0.0414562530894593
2020-05-12,12976,"posemo",0.0519937423716037
2020-05-13,14456,"posemo",0.0523806840084617
2020-05-14,13774,"posemo",0.0552271624653815
2020-05-15,16734,"posemo",0.0638553394171898
2020-05-16,11936,"posemo",0.057130064281143
2020-05-17,10205,"posemo",0.0544917980202356
2020-05-18,15564,"posemo",0.0497518617530121
2020-05-19,13081,"posemo",0.0424821447178871
2020-05-20,12189,"posemo",0.0475074423080612
2020-05-21,8029,"posemo",0.048034542399171
2020-05-22,8505,"posemo",0.0406906251087651
2020-05-23,9099,"posemo",0.0601197186869978
2020-05-24,9081,"posemo",0.0584042241869394
2020-05-25,12633,"posemo",0.0571600674203012
2020-05-26,13295,"posemo",0.0655101383124634
2020-05-27,12600,"posemo",0.060663261132287
2020-05-28,12351,"posemo",0.0603758827007421
2020-05-29,13900,"posemo",0.0758401817025453
2020-05-30,11217,"posemo",0.0768447437241836
2020-05-31,8723,"posemo",0.0777389413322633
2020-06-01,5563,"posemo",0.094287212290921
2020-06-02,7941,"posemo",0.104138676124769
2020-06-03,11659,"posemo",0.125790643901054
2020-06-04,23387,"posemo",0.120000497168493
2020-06-05,19181,"posemo",0.11956996265456
2020-06-06,3348,"posemo",0.144604737154165
2020-06-07,4962,"posemo",0.183650408557889
2020-06-08,10475,"posemo",0.187286055636688
2020-06-09,15807,"posemo",0.186403827161667
2020-06-10,19915,"posemo",0.180727626527825
2020-06-11,3464,"posemo",0.251379722300313
2020-06-12,2347,"posemo",0.315141022827633
2020-06-13,196,"posemo",0.312433916176717
2020-06-14,1570,"posemo",0.298099284849901
2020-06-15,70,"posemo",0.25071006908302
2020-06-16,322,"posemo",0.275873740488618
2020-06-17,9917,"posemo",0.270119325309743
2020-06-18,4150,"posemo",0.240445598864655
2020-06-19,4992,"posemo",0.206169277176943
2020-06-20,535,"posemo",0.186723694966647
2020-06-21,1379,"posemo",0.185155906429611
2020-06-22,1957,"posemo",0.222953503495149
2020-06-23,1712,"posemo",0.183668343337988
2020-06-24,16287,"posemo",0.167189986325021
2020-06-25,10560,"posemo",0.113443206277707
2020-06-26,NA,"posemo",NA
2020-06-27,NA,"posemo",NA
2020-06-28,NA,"posemo",NA
2020-06-29,NA,"posemo",NA
2020-06-30,NA,"posemo",NA
2020-07-01,NA,"posemo",NA
2020-07-02,NA,"posemo",NA
2020-07-03,NA,"posemo",NA
2020-07-04,NA,"posemo",NA
2020-07-05,NA,"posemo",NA
2020-07-06,NA,"posemo",NA
2020-07-07,NA,"posemo",NA
2020-07-08,NA,"posemo",NA
2020-07-09,NA,"posemo",NA
2020-07-10,NA,"posemo",NA
2020-07-11,NA,"posemo",NA
2020-07-12,NA,"posemo",NA
2020-07-13,NA,"posemo",NA
2020-07-14,NA,"posemo",NA
2020-07-15,NA,"posemo",NA
2020-07-16,NA,"posemo",NA
2020-07-17,NA,"posemo",NA
2020-07-18,NA,"posemo",NA
2020-07-19,NA,"posemo",NA
2020-07-20,NA,"posemo",NA
2020-07-21,NA,"posemo",NA
2020-07-22,NA,"posemo",NA
2020-07-23,NA,"posemo",NA
2020-07-24,NA,"posemo",NA
2020-07-25,NA,"posemo",NA
2020-07-26,NA,"posemo",NA
2020-07-27,NA,"posemo",NA
2020-07-28,NA,"posemo",NA
2020-07-29,NA,"posemo",NA
2020-07-30,NA,"posemo",NA
2020-07-31,NA,"posemo",NA
2020-08-01,NA,"posemo",NA
2020-08-02,NA,"posemo",NA
2020-08-03,NA,"posemo",NA
2020-08-04,NA,"posemo",NA
2020-08-05,NA,"posemo",NA
2020-08-06,NA,"posemo",NA
2020-08-07,NA,"posemo",NA
2020-08-08,NA,"posemo",NA
2020-08-09,NA,"posemo",NA
2020-08-10,NA,"posemo",NA
2020-08-11,NA,"posemo",NA
2020-08-12,NA,"posemo",NA
2020-08-13,NA,"posemo",NA
2020-08-14,NA,"posemo",NA
2020-08-15,NA,"posemo",NA
2020-08-16,NA,"posemo",NA
2020-08-17,NA,"posemo",NA
2020-08-18,NA,"posemo",NA
2020-08-19,NA,"posemo",NA
2020-08-20,NA,"posemo",NA
2020-08-21,NA,"posemo",NA
2020-08-22,NA,"posemo",NA
2020-08-23,NA,"posemo",NA
2020-08-24,NA,"posemo",NA
2020-08-25,NA,"posemo",NA
2020-08-26,NA,"posemo",NA
2020-08-27,NA,"posemo",NA
2020-08-28,NA,"posemo",NA
2020-08-29,NA,"posemo",NA
2020-08-30,NA,"posemo",NA
2020-08-31,NA,"posemo",NA
2020-09-01,NA,"posemo",NA
2020-09-02,NA,"posemo",NA
2020-09-03,NA,"posemo",NA
2020-09-04,NA,"posemo",NA
2020-09-05,NA,"posemo",NA
2020-09-06,NA,"posemo",NA
2020-09-07,NA,"posemo",NA
2020-09-08,NA,"posemo",NA
2020-09-09,NA,"posemo",NA
2020-09-10,NA,"posemo",NA
2020-09-11,NA,"posemo",NA
2020-09-12,11,"posemo",NA
2020-09-13,11338,"posemo",NA
2020-09-14,17431,"posemo",NA
2020-09-15,14419,"posemo",NA
2020-09-16,11733,"posemo",NA
2020-09-17,18082,"posemo",NA
2020-09-18,13247,"posemo",0.0599279416843519
2020-09-19,11173,"posemo",0.0703264364160611
2020-09-20,11619,"posemo",0.0855222592579355
2020-09-21,12463,"posemo",0.0827816823561037
2020-09-22,16636,"posemo",0.0930307211546209
2020-09-23,12395,"posemo",0.101155865081547
2020-09-24,16010,"posemo",0.106230579992987
2020-09-25,16386,"posemo",0.104673843488725
2020-09-26,9419,"posemo",0.0986982432508751
2020-09-27,9394,"posemo",0.0909964190773588
2020-09-28,14842,"posemo",0.0959250290828162
2020-09-29,13928,"posemo",0.0918151134491743
2020-09-30,19426,"posemo",0.093781858949417
2020-10-01,10528,"posemo",0.106098023843866
2020-10-02,14583,"posemo",0.117297815723563
2020-10-03,12866,"posemo",0.0973415560061405
2020-10-04,14063,"posemo",0.0972517273585558
2020-10-05,17597,"posemo",0.0912458814765571
2020-10-06,19689,"posemo",0.0973306639649184
2020-10-07,17279,"posemo",0.106660131931445
2020-10-08,18944,"posemo",0.0986732731801583
2020-10-09,14348,"posemo",0.10345829091591
2020-10-10,11288,"posemo",0.110516981449628
2020-10-11,28228,"posemo",0.104634819244941
2020-10-12,15455,"posemo",0.103667713726148
2020-10-13,19164,"posemo",0.100290843366644
2020-10-14,24838,"posemo",0.0900141385741701
2020-10-15,21101,"posemo",0.0832619826887299
2020-10-16,17745,"posemo",0.0782413843447564
2020-10-17,15021,"posemo",0.0675224207058378
2020-10-18,15159,"posemo",0.0623361751510314
2020-10-19,23730,"posemo",0.0582266703793914
2020-10-20,17898,"posemo",0.0528909770327256
2020-10-21,23512,"posemo",0.057321195873135
2020-10-22,29393,"posemo",0.058482646358035
2020-10-23,21401,"posemo",0.0542931973313462
2020-10-24,18267,"posemo",0.0596963042351215
2020-10-25,20117,"posemo",0.0632337027679935
2020-10-26,17425,"posemo",0.08101548742268
2020-10-27,27389,"posemo",0.0832114695315016
2020-10-28,25282,"posemo",0.0811316551345654
2020-10-29,32631,"posemo",0.0867925417770622
2020-10-30,26306,"posemo",0.0904697173667078
2020-10-31,32013,"posemo",0.0868208719984347
2020-11-01,21466,"posemo",0.0922445679543983
2020-11-02,31993,"posemo",0.10513119224359
2020-11-03,49520,"posemo",0.117348710377495
2020-11-04,63399,"posemo",0.117288147299788
2020-11-05,61206,"posemo",0.102216202369707
2020-11-06,54770,"posemo",0.0917692923929315
2020-11-07,48358,"posemo",0.0889114669939652
2020-11-08,22775,"posemo",0.0920353182917738
2020-11-09,19930,"posemo",0.0809943926734369
2020-11-10,22048,"posemo",0.0710257406884222
2020-11-11,23360,"posemo",0.0862683917733672
2020-11-12,23265,"posemo",0.102159804769368
2020-11-13,25055,"posemo",0.111123808119458
2020-11-14,37072,"posemo",0.119844182901827
2020-11-15,27607,"posemo",0.120921318281081
2020-11-16,22405,"posemo",0.112227165001017
2020-11-17,20604,"posemo",0.116705539160797
2020-11-18,24569,"posemo",0.119684603066006
2020-11-19,19207,"posemo",0.128442356258271
2020-11-20,15558,"posemo",0.139150686722114
2020-11-21,17409,"posemo",0.163038078716663
2020-11-22,16367,"posemo",0.171413349310136
2020-11-23,18342,"posemo",0.169213229149644
2020-11-24,16945,"posemo",0.164709871696653
2020-11-25,21294,"posemo",0.148278271490832
2020-11-26,20287,"posemo",0.14085326172781
2020-11-27,17148,"posemo",0.133785849870911
2020-11-28,13921,"posemo",0.126100334089655
2020-11-29,13317,"posemo",0.115092390952628
2020-11-30,16794,"posemo",0.110678811134987
2020-12-01,3366,"posemo",0.132110157270942
2020-12-02,24321,"posemo",0.121470199264243
2020-12-03,19035,"posemo",0.115447127501286
2020-12-04,23327,"posemo",0.143624846930284
2020-12-05,15034,"posemo",0.128748848142127
2020-12-06,16199,"posemo",0.1253813826611
2020-12-07,17223,"posemo",0.133338130296702
2020-12-08,17978,"posemo",0.118422739592412
2020-12-09,18570,"posemo",0.132129018317842
2020-12-10,17386,"posemo",0.14205956078957
2020-12-11,18890,"posemo",0.109920185980837
2020-01-07,24076,"prosocial",NA
2020-01-08,24000,"prosocial",NA
2020-01-09,28719,"prosocial",NA
2020-01-10,25201,"prosocial",NA
2020-01-11,20253,"prosocial",NA
2020-01-12,20505,"prosocial",NA
2020-01-13,24801,"prosocial",-0.021728073706275
2020-01-14,26656,"prosocial",-0.00864260652167505
2020-01-15,25818,"prosocial",0.00518973425445607
2020-01-16,26850,"prosocial",0.0217332378740867
2020-01-17,24174,"prosocial",0.0430607889393056
2020-01-18,19488,"prosocial",0.0525989058045592
2020-01-19,20042,"prosocial",0.0464600525576898
2020-01-20,24495,"prosocial",0.0516654404559278
2020-01-21,26887,"prosocial",0.0501222472497689
2020-01-22,23810,"prosocial",0.0439661530394979
2020-01-23,27086,"prosocial",0.0379365786411313
2020-01-24,24465,"prosocial",0.0307441281822568
2020-01-25,17734,"prosocial",0.0177711980713659
2020-01-26,18188,"prosocial",0.0130519056968598
2020-01-27,22899,"prosocial",0.00089459516371264
2020-01-28,26893,"prosocial",-0.00806838729656837
2020-01-29,23706,"prosocial",-0.00229097151087144
2020-01-30,25342,"prosocial",-0.00866712731099229
2020-01-31,21099,"prosocial",-0.0278152165103977
2020-02-01,14437,"prosocial",-0.0269000363167276
2020-02-02,19327,"prosocial",-0.023831717580371
2020-02-03,26098,"prosocial",-0.0133893306579581
2020-02-04,26927,"prosocial",-0.00911108744923715
2020-02-05,29462,"prosocial",-0.0132521160467435
2020-02-06,29492,"prosocial",-0.00459802653857055
2020-02-07,27633,"prosocial",0.00971853798025673
2020-02-08,19878,"prosocial",0.0150968933274483
2020-02-09,19375,"prosocial",0.0175379998262095
2020-02-10,26090,"prosocial",0.012245927245672
2020-02-11,29678,"prosocial",0.0177961223735469
2020-02-12,25812,"prosocial",0.0216677349601952
2020-02-13,27375,"prosocial",0.0270771855253731
2020-02-14,27251,"prosocial",0.0219571941199147
2020-02-15,18966,"prosocial",0.0189861031542954
2020-02-16,19685,"prosocial",0.0357841355730972
2020-02-17,26578,"prosocial",0.0362011555140097
2020-02-18,27099,"prosocial",0.0381541073827466
2020-02-19,24424,"prosocial",0.0313087333516229
2020-02-20,25827,"prosocial",0.0210505212387047
2020-02-21,25080,"prosocial",0.0207499650274636
2020-02-22,19409,"prosocial",0.0198235016165635
2020-02-23,24414,"prosocial",0.00862667807245809
2020-02-24,28657,"prosocial",0.0173511789671717
2020-02-25,35943,"prosocial",0.014427594935631
2020-02-26,37702,"prosocial",0.0124934017550579
2020-02-27,41752,"prosocial",0.00323364497630078
2020-02-28,35822,"prosocial",-0.00457440759165047
2020-02-29,25370,"prosocial",-0.0101568060161878
2020-03-01,6835,"prosocial",-0.0142208889558539
2020-03-02,3072,"prosocial",-0.0285023565215938
2020-03-03,1893,"prosocial",-0.0334180166767165
2020-03-04,1291,"prosocial",-0.058599922180678
2020-03-05,1003,"prosocial",-0.0765272906276854
2020-03-06,11946,"prosocial",-0.101053575554059
2020-03-07,207,"prosocial",-0.122177961411272
2020-03-08,137,"prosocial",-0.113681215735492
2020-03-09,12099,"prosocial",-0.13852682932637
2020-03-10,22458,"prosocial",-0.164330876645769
2020-03-11,24327,"prosocial",-0.163372307454288
2020-03-12,29652,"prosocial",-0.169655343890738
2020-03-13,43191,"prosocial",-0.177383074713964
2020-03-14,33038,"prosocial",-0.173336411153728
2020-03-15,45727,"prosocial",-0.201416198115245
2020-03-16,41013,"prosocial",-0.191566009328577
2020-03-17,40185,"prosocial",-0.187139531550201
2020-03-18,38988,"prosocial",-0.185244036231937
2020-03-19,36193,"prosocial",-0.178785199418723
2020-03-20,33285,"prosocial",-0.159681838884696
2020-03-21,27818,"prosocial",-0.161041317967422
2020-03-22,29800,"prosocial",-0.167959319593662
2020-03-23,30122,"prosocial",-0.167146573297773
2020-03-24,32487,"prosocial",-0.173250027465466
2020-03-25,30276,"prosocial",-0.177572041790696
2020-03-26,33030,"prosocial",-0.185797572393237
2020-03-27,33123,"prosocial",-0.19265076553575
2020-03-28,24135,"prosocial",-0.195193387119424
2020-03-29,26596,"prosocial",-0.196574176591844
2020-03-30,44863,"prosocial",-0.203848992286418
2020-03-31,30547,"prosocial",-0.204579033981909
2020-04-01,29116,"prosocial",-0.199351521742666
2020-04-02,29925,"prosocial",-0.195935868145698
2020-04-03,29664,"prosocial",-0.199744497823604
2020-04-04,27530,"prosocial",-0.198802821222053
2020-04-05,1518,"prosocial",-0.191153285121396
2020-04-06,9,"prosocial",-0.217134378613456
2020-04-07,NA,"prosocial",NA
2020-04-08,NA,"prosocial",NA
2020-04-09,NA,"prosocial",NA
2020-04-10,NA,"prosocial",NA
2020-04-11,NA,"prosocial",NA
2020-04-12,16831,"prosocial",NA
2020-04-13,20716,"prosocial",NA
2020-04-14,27452,"prosocial",NA
2020-04-15,23034,"prosocial",NA
2020-04-16,21689,"prosocial",NA
2020-04-17,22067,"prosocial",NA
2020-04-18,20590,"prosocial",-0.215436751351448
2020-04-19,21957,"prosocial",-0.212697260405355
2020-04-20,20133,"prosocial",-0.199804506580415
2020-04-21,22342,"prosocial",-0.191336169267221
2020-04-22,19332,"prosocial",-0.179970307504807
2020-04-23,17846,"prosocial",-0.176100384617499
2020-04-24,19985,"prosocial",-0.174450748224581
2020-04-25,14985,"prosocial",-0.161242016513391
2020-04-26,13225,"prosocial",-0.15837019257986
2020-04-27,18661,"prosocial",-0.158974274392588
2020-04-28,19924,"prosocial",-0.160389900379822
2020-04-29,17203,"prosocial",-0.159952693688938
2020-04-30,16687,"prosocial",-0.157410930644273
2020-05-01,14936,"prosocial",-0.156366790855506
2020-05-02,15867,"prosocial",-0.169560265782602
2020-05-03,12979,"prosocial",-0.170475215742167
2020-05-04,16048,"prosocial",-0.181201230460132
2020-05-05,14514,"prosocial",-0.180514870482169
2020-05-06,18188,"prosocial",-0.183615620926276
2020-05-07,14155,"prosocial",-0.185787122849753
2020-05-08,11241,"prosocial",-0.18227984761258
2020-05-09,8092,"prosocial",-0.18536253517339
2020-05-10,9763,"prosocial",-0.211417680237572
2020-05-11,12677,"prosocial",-0.209270745329791
2020-05-12,12976,"prosocial",-0.224699740035875
2020-05-13,14456,"prosocial",-0.239116212584207
2020-05-14,13774,"prosocial",-0.243427165295597
2020-05-15,16734,"prosocial",-0.258569997951147
2020-05-16,11936,"prosocial",-0.261948524193417
2020-05-17,10205,"prosocial",-0.238859219517988
2020-05-18,15564,"prosocial",-0.22424467185248
2020-05-19,13081,"prosocial",-0.20795956166961
2020-05-20,12189,"prosocial",-0.192263397262443
2020-05-21,8029,"prosocial",-0.195809962657433
2020-05-22,8505,"prosocial",-0.183525900019013
2020-05-23,9099,"prosocial",-0.17660486764922
2020-05-24,9081,"prosocial",-0.180157422400403
2020-05-25,12633,"prosocial",-0.192598502959217
2020-05-26,13295,"prosocial",-0.20181363268903
2020-05-27,12600,"prosocial",-0.213570470214432
2020-05-28,12351,"prosocial",-0.217796333972444
2020-05-29,13900,"prosocial",-0.221567800937838
2020-05-30,11217,"prosocial",-0.232288718441927
2020-05-31,8723,"prosocial",-0.237958451747897
2020-06-01,5563,"prosocial",-0.232241428007025
2020-06-02,7941,"prosocial",-0.220846348270591
2020-06-03,11659,"prosocial",-0.22229891148936
2020-06-04,23387,"prosocial",-0.228509422878033
2020-06-05,19181,"prosocial",-0.219676488964685
2020-06-06,3348,"prosocial",-0.198272637800477
2020-06-07,4962,"prosocial",-0.200761055065039
2020-06-08,10475,"prosocial",-0.198962796867515
2020-06-09,15807,"prosocial",-0.190110494927372
2020-06-10,19915,"prosocial",-0.175397856973805
2020-06-11,3464,"prosocial",-0.140514216216019
2020-06-12,2347,"prosocial",-0.12874649017077
2020-06-13,196,"prosocial",-0.192876058018869
2020-06-14,1570,"prosocial",-0.220467382047257
2020-06-15,70,"prosocial",-0.246329506814594
2020-06-16,322,"prosocial",-0.262038518139914
2020-06-17,9917,"prosocial",-0.283049298516347
2020-06-18,4150,"prosocial",-0.310853904101192
2020-06-19,4992,"prosocial",-0.33239869321221
2020-06-20,535,"prosocial",-0.194008196435242
2020-06-21,1379,"prosocial",-0.176985879067788
2020-06-22,1957,"prosocial",-0.194346233746105
2020-06-23,1712,"prosocial",-0.219174047853278
2020-06-24,16287,"prosocial",-0.191347492129521
2020-06-25,10560,"prosocial",-0.201261515376255
2020-06-26,NA,"prosocial",NA
2020-06-27,NA,"prosocial",NA
2020-06-28,NA,"prosocial",NA
2020-06-29,NA,"prosocial",NA
2020-06-30,NA,"prosocial",NA
2020-07-01,NA,"prosocial",NA
2020-07-02,NA,"prosocial",NA
2020-07-03,NA,"prosocial",NA
2020-07-04,NA,"prosocial",NA
2020-07-05,NA,"prosocial",NA
2020-07-06,NA,"prosocial",NA
2020-07-07,NA,"prosocial",NA
2020-07-08,NA,"prosocial",NA
2020-07-09,NA,"prosocial",NA
2020-07-10,NA,"prosocial",NA
2020-07-11,NA,"prosocial",NA
2020-07-12,NA,"prosocial",NA
2020-07-13,NA,"prosocial",NA
2020-07-14,NA,"prosocial",NA
2020-07-15,NA,"prosocial",NA
2020-07-16,NA,"prosocial",NA
2020-07-17,NA,"prosocial",NA
2020-07-18,NA,"prosocial",NA
2020-07-19,NA,"prosocial",NA
2020-07-20,NA,"prosocial",NA
2020-07-21,NA,"prosocial",NA
2020-07-22,NA,"prosocial",NA
2020-07-23,NA,"prosocial",NA
2020-07-24,NA,"prosocial",NA
2020-07-25,NA,"prosocial",NA
2020-07-26,NA,"prosocial",NA
2020-07-27,NA,"prosocial",NA
2020-07-28,NA,"prosocial",NA
2020-07-29,NA,"prosocial",NA
2020-07-30,NA,"prosocial",NA
2020-07-31,NA,"prosocial",NA
2020-08-01,NA,"prosocial",NA
2020-08-02,NA,"prosocial",NA
2020-08-03,NA,"prosocial",NA
2020-08-04,NA,"prosocial",NA
2020-08-05,NA,"prosocial",NA
2020-08-06,NA,"prosocial",NA
2020-08-07,NA,"prosocial",NA
2020-08-08,NA,"prosocial",NA
2020-08-09,NA,"prosocial",NA
2020-08-10,NA,"prosocial",NA
2020-08-11,NA,"prosocial",NA
2020-08-12,NA,"prosocial",NA
2020-08-13,NA,"prosocial",NA
2020-08-14,NA,"prosocial",NA
2020-08-15,NA,"prosocial",NA
2020-08-16,NA,"prosocial",NA
2020-08-17,NA,"prosocial",NA
2020-08-18,NA,"prosocial",NA
2020-08-19,NA,"prosocial",NA
2020-08-20,NA,"prosocial",NA
2020-08-21,NA,"prosocial",NA
2020-08-22,NA,"prosocial",NA
2020-08-23,NA,"prosocial",NA
2020-08-24,NA,"prosocial",NA
2020-08-25,NA,"prosocial",NA
2020-08-26,NA,"prosocial",NA
2020-08-27,NA,"prosocial",NA
2020-08-28,NA,"prosocial",NA
2020-08-29,NA,"prosocial",NA
2020-08-30,NA,"prosocial",NA
2020-08-31,NA,"prosocial",NA
2020-09-01,NA,"prosocial",NA
2020-09-02,NA,"prosocial",NA
2020-09-03,NA,"prosocial",NA
2020-09-04,NA,"prosocial",NA
2020-09-05,NA,"prosocial",NA
2020-09-06,NA,"prosocial",NA
2020-09-07,NA,"prosocial",NA
2020-09-08,NA,"prosocial",NA
2020-09-09,NA,"prosocial",NA
2020-09-10,NA,"prosocial",NA
2020-09-11,NA,"prosocial",NA
2020-09-12,11,"prosocial",NA
2020-09-13,11338,"prosocial",NA
2020-09-14,17431,"prosocial",NA
2020-09-15,14419,"prosocial",NA
2020-09-16,11733,"prosocial",NA
2020-09-17,18082,"prosocial",NA
2020-09-18,13247,"prosocial",-0.402172567714236
2020-09-19,11173,"prosocial",-0.30027870406886
2020-09-20,11619,"prosocial",-0.29143030490931
2020-09-21,12463,"prosocial",-0.284857680302872
2020-09-22,16636,"prosocial",-0.284096826546687
2020-09-23,12395,"prosocial",-0.279808667892029
2020-09-24,16010,"prosocial",-0.283370026705268
2020-09-25,16386,"prosocial",-0.279913369945903
2020-09-26,9419,"prosocial",-0.280945435629692
2020-09-27,9394,"prosocial",-0.27804723016816
2020-09-28,14842,"prosocial",-0.271344841184411
2020-09-29,13928,"prosocial",-0.254927964056745
2020-09-30,19426,"prosocial",-0.259443576941347
2020-10-01,10528,"prosocial",-0.2526902619861
2020-10-02,14583,"prosocial",-0.250518355559725
2020-10-03,12866,"prosocial",-0.249033264518066
2020-10-04,14063,"prosocial",-0.264672079987782
2020-10-05,17597,"prosocial",-0.265736344211195
2020-10-06,19689,"prosocial",-0.271911075909563
2020-10-07,17279,"prosocial",-0.256828591052638
2020-10-08,18944,"prosocial",-0.25300712993563
2020-10-09,14348,"prosocial",-0.249290652454669
2020-10-10,11288,"prosocial",-0.243176637339172
2020-10-11,28228,"prosocial",-0.238299382853355
2020-10-12,15455,"prosocial",-0.241555412321918
2020-10-13,19164,"prosocial",-0.235382134788079
2020-10-14,24838,"prosocial",-0.235815001917974
2020-10-15,21101,"prosocial",-0.235455790870542
2020-10-16,17745,"prosocial",-0.230362596313047
2020-10-17,15021,"prosocial",-0.236905643195819
2020-10-18,15159,"prosocial",-0.230823666672186
2020-10-19,23730,"prosocial",-0.227379522538029
2020-10-20,17898,"prosocial",-0.230850875570499
2020-10-21,23512,"prosocial",-0.219035842786098
2020-10-22,29393,"prosocial",-0.22148150783861
2020-10-23,21401,"prosocial",-0.226738766254161
2020-10-24,18267,"prosocial",-0.228258357859049
2020-10-25,20117,"prosocial",-0.230044193211709
2020-10-26,17425,"prosocial",-0.239668486989729
2020-10-27,27389,"prosocial",-0.237842210047562
2020-10-28,25282,"prosocial",-0.2554242765292
2020-10-29,32631,"prosocial",-0.264307925378035
2020-10-30,26306,"prosocial",-0.257334970392537
2020-10-31,32013,"prosocial",-0.253941289286712
2020-11-01,21466,"prosocial",-0.240769910964386
2020-11-02,31993,"prosocial",-0.214144990704458
2020-11-03,49520,"prosocial",-0.192571321862823
2020-11-04,63399,"prosocial",-0.211002737259031
2020-11-05,61206,"prosocial",-0.218683429269143
2020-11-06,54770,"prosocial",-0.244738145672327
2020-11-07,48358,"prosocial",-0.256910073970893
2020-11-08,22775,"prosocial",-0.267007905053202
2020-11-09,19930,"prosocial",-0.28344719830433
2020-11-10,22048,"prosocial",-0.317943814142236
2020-11-11,23360,"prosocial",-0.29672036721574
2020-11-12,23265,"prosocial",-0.280093749141049
2020-11-13,25055,"prosocial",-0.261497152668596
2020-11-14,37072,"prosocial",-0.234876616619235
2020-11-15,27607,"prosocial",-0.225458003956832
2020-11-16,22405,"prosocial",-0.216478720754436
2020-11-17,20604,"prosocial",-0.208391517193865
2020-11-18,24569,"prosocial",-0.213444365171694
2020-11-19,19207,"prosocial",-0.208117597674762
2020-11-20,15558,"prosocial",-0.206961101394155
2020-11-21,17409,"prosocial",-0.218065798069889
2020-11-22,16367,"prosocial",-0.227481037474228
2020-11-23,18342,"prosocial",-0.237700159074528
2020-11-24,16945,"prosocial",-0.236112075970347
2020-11-25,21294,"prosocial",-0.230451978650049
2020-11-26,20287,"prosocial",-0.23475674101178
2020-11-27,17148,"prosocial",-0.229675897801168
2020-11-28,13921,"prosocial",-0.230738447897989
2020-11-29,13317,"prosocial",-0.237436762499628
2020-11-30,16794,"prosocial",-0.239867277198698
2020-12-01,3366,"prosocial",-0.25831453912967
2020-12-02,24321,"prosocial",-0.262247155258765
2020-12-03,19035,"prosocial",-0.270137699747422
2020-12-04,23327,"prosocial",-0.224693704276885
2020-12-05,15034,"prosocial",-0.220492307696076
2020-12-06,16199,"prosocial",-0.217585892066598
2020-12-07,17223,"prosocial",-0.217893714013503
2020-12-08,17978,"prosocial",-0.19007852411839
2020-12-09,18570,"prosocial",-0.190411460774828
2020-12-10,17386,"prosocial",-0.188608886759669
2020-12-11,18890,"prosocial",-0.250072467674611
2020-01-07,24076,"sadness",NA
2020-01-08,24000,"sadness",NA
2020-01-09,28719,"sadness",NA
2020-01-10,25201,"sadness",NA
2020-01-11,20253,"sadness",NA
2020-01-12,20505,"sadness",NA
2020-01-13,24801,"sadness",-0.0472697887391266
2020-01-14,26656,"sadness",-0.0487595960921936
2020-01-15,25818,"sadness",-0.0727326482997226
2020-01-16,26850,"sadness",-0.0633858624187515
2020-01-17,24174,"sadness",-0.0611472200969929
2020-01-18,19488,"sadness",-0.0801026304452705
2020-01-19,20042,"sadness",-0.0742320635984538
2020-01-20,24495,"sadness",-0.0680605964857319
2020-01-21,26887,"sadness",-0.0604566840861411
2020-01-22,23810,"sadness",-0.0337730473310754
2020-01-23,27086,"sadness",-0.0254435148733707
2020-01-24,24465,"sadness",-0.0202648164188602
2020-01-25,17734,"sadness",-0.0150568113298048
2020-01-26,18188,"sadness",-0.003364300110314
2020-01-27,22899,"sadness",-0.00719415574790666
2020-01-28,26893,"sadness",-0.0207561050652525
2020-01-29,23706,"sadness",-0.0310773420983589
2020-01-30,25342,"sadness",-0.0409361172009863
2020-01-31,21099,"sadness",-0.0411221737627303
2020-02-01,14437,"sadness",-0.0492744690452164
2020-02-02,19327,"sadness",-0.0469768614864222
2020-02-03,26098,"sadness",-0.0470168223583445
2020-02-04,26927,"sadness",-0.0378997215609126
2020-02-05,29462,"sadness",-0.0290752875096374
2020-02-06,29492,"sadness",-0.019599282632905
2020-02-07,27633,"sadness",-0.0234679457002425
2020-02-08,19878,"sadness",-0.0134246631243261
2020-02-09,19375,"sadness",-0.0321423080280945
2020-02-10,26090,"sadness",-0.0351231632468597
2020-02-11,29678,"sadness",-0.0462566307401743
2020-02-12,25812,"sadness",-0.0450275925586779
2020-02-13,27375,"sadness",-0.0553861189632723
2020-02-14,27251,"sadness",-0.0414267588001635
2020-02-15,18966,"sadness",-0.0388579720529672
2020-02-16,19685,"sadness",-0.0132161833646472
2020-02-17,26578,"sadness",-0.00310660522174221
2020-02-18,27099,"sadness",0.00684107207527021
2020-02-19,24424,"sadness",0.00292672177387121
2020-02-20,25827,"sadness",-0.000208013404854561
2020-02-21,25080,"sadness",-0.011348842987778
2020-02-22,19409,"sadness",-0.0196486288861208
2020-02-23,24414,"sadness",-0.0221351686205786
2020-02-24,28657,"sadness",-0.0172215438159502
2020-02-25,35943,"sadness",-0.0226499396226354
2020-02-26,37702,"sadness",-0.0238491095941927
2020-02-27,41752,"sadness",-0.027067606888011
2020-02-28,35822,"sadness",-0.0287742595866519
2020-02-29,25370,"sadness",-0.0253448188141425
2020-03-01,6835,"sadness",-0.0211460515589468
2020-03-02,3072,"sadness",0.00153787290390648
2020-03-03,1893,"sadness",-0.0063167216332726
2020-03-04,1291,"sadness",-0.000248347451846009
2020-03-05,1003,"sadness",-0.00165990680516906
2020-03-06,11946,"sadness",-0.0249762109356677
2020-03-07,207,"sadness",-0.0508801977838572
2020-03-08,137,"sadness",-0.0962216746334366
2020-03-09,12099,"sadness",-0.15120700656993
2020-03-10,22458,"sadness",-0.147630275934314
2020-03-11,24327,"sadness",-0.186515363121135
2020-03-12,29652,"sadness",-0.192003423445899
2020-03-13,43191,"sadness",-0.188979673355859
2020-03-14,33038,"sadness",-0.169718163240282
2020-03-15,45727,"sadness",-0.132541795992436
2020-03-16,41013,"sadness",-0.114455891701416
2020-03-17,40185,"sadness",-0.108697450023262
2020-03-18,38988,"sadness",-0.0849913196023483
2020-03-19,36193,"sadness",-0.0757010549496743
2020-03-20,33285,"sadness",-0.0559019809941371
2020-03-21,27818,"sadness",-0.0542390895847866
2020-03-22,29800,"sadness",-0.0765971703617023
2020-03-23,30122,"sadness",-0.0774675492295996
2020-03-24,32487,"sadness",-0.067945870924176
2020-03-25,30276,"sadness",-0.0682144059363896
2020-03-26,33030,"sadness",-0.0624787058359634
2020-03-27,33123,"sadness",-0.0568740415407658
2020-03-28,24135,"sadness",-0.0504964491435469
2020-03-29,26596,"sadness",-0.0299139023144444
2020-03-30,44863,"sadness",-0.0428863207276796
2020-03-31,30547,"sadness",-0.0570549517948837
2020-04-01,29116,"sadness",-0.0583837009234593
2020-04-02,29925,"sadness",-0.0576986516949306
2020-04-03,29664,"sadness",-0.0600854419856096
2020-04-04,27530,"sadness",-0.0636768172551806
2020-04-05,1518,"sadness",-0.100942964709635
2020-04-06,9,"sadness",0.00719871243727727
2020-04-07,NA,"sadness",NA
2020-04-08,NA,"sadness",NA
2020-04-09,NA,"sadness",NA
2020-04-10,NA,"sadness",NA
2020-04-11,NA,"sadness",NA
2020-04-12,16831,"sadness",NA
2020-04-13,20716,"sadness",NA
2020-04-14,27452,"sadness",NA
2020-04-15,23034,"sadness",NA
2020-04-16,21689,"sadness",NA
2020-04-17,22067,"sadness",NA
2020-04-18,20590,"sadness",-0.0255083428390315
2020-04-19,21957,"sadness",-0.0151589553757488
2020-04-20,20133,"sadness",-0.0360737013447037
2020-04-21,22342,"sadness",-0.0408640207398532
2020-04-22,19332,"sadness",-0.0344483730243673
2020-04-23,17846,"sadness",-0.0326067257760511
2020-04-24,19985,"sadness",-0.0539519918086709
2020-04-25,14985,"sadness",-0.0715820280530359
2020-04-26,13225,"sadness",-0.0732718817908208
2020-04-27,18661,"sadness",-0.0603418729134307
2020-04-28,19924,"sadness",-0.0660651225322732
2020-04-29,17203,"sadness",-0.0772501081648865
2020-04-30,16687,"sadness",-0.0960293263523299
2020-05-01,14936,"sadness",-0.0692875611773873
2020-05-02,15867,"sadness",-0.075620874405039
2020-05-03,12979,"sadness",-0.0866550132001943
2020-05-04,16048,"sadness",-0.104647266339849
2020-05-05,14514,"sadness",-0.109881403973622
2020-05-06,18188,"sadness",-0.102422957070671
2020-05-07,14155,"sadness",-0.103500700447764
2020-05-08,11241,"sadness",-0.133573180400853
2020-05-09,8092,"sadness",-0.114981959115031
2020-05-10,9763,"sadness",-0.129222614821229
2020-05-11,12677,"sadness",-0.0973915832971168
2020-05-12,12976,"sadness",-0.0872416321271004
2020-05-13,14456,"sadness",-0.107514681732305
2020-05-14,13774,"sadness",-0.0923436677956199
2020-05-15,16734,"sadness",-0.0294884694305017
2020-05-16,11936,"sadness",-0.0501750481503669
2020-05-17,10205,"sadness",-0.029041510792145
2020-05-18,15564,"sadness",-0.0563477595853246
2020-05-19,13081,"sadness",-0.0417900357518206
2020-05-20,12189,"sadness",-0.0301301347808829
2020-05-21,8029,"sadness",-0.0694352849750896
2020-05-22,8505,"sadness",-0.132027101173979
2020-05-23,9099,"sadness",-0.115795016636448
2020-05-24,9081,"sadness",-0.108824937991772
2020-05-25,12633,"sadness",-0.0916940620078568
2020-05-26,13295,"sadness",-0.0925111036144129
2020-05-27,12600,"sadness",-0.0703182243982915
2020-05-28,12351,"sadness",-0.0202730515468696
2020-05-29,13900,"sadness",-0.00541818336873293
2020-05-30,11217,"sadness",0.0160889336866103
2020-05-31,8723,"sadness",-0.00645127362909112
2020-06-01,5563,"sadness",0.0179091106140596
2020-06-02,7941,"sadness",-0.0126594907324081
2020-06-03,11659,"sadness",-0.00610853282653233
2020-06-04,23387,"sadness",-0.0449677516029477
2020-06-05,19181,"sadness",-0.0406022277490797
2020-06-06,3348,"sadness",-0.0260292151968009
2020-06-07,4962,"sadness",0.00228866153500723
2020-06-08,10475,"sadness",-0.0339249351865982
2020-06-09,15807,"sadness",0.00783059333403886
2020-06-10,19915,"sadness",-0.00422837768934487
2020-06-11,3464,"sadness",0.0307121454395494
2020-06-12,2347,"sadness",0.0476051537138302
2020-06-13,196,"sadness",0.181655605696904
2020-06-14,1570,"sadness",0.176689297035748
2020-06-15,70,"sadness",0.147240481526471
2020-06-16,322,"sadness",0.0963110582041698
2020-06-17,9917,"sadness",0.0923368891777411
2020-06-18,4150,"sadness",0.0966332319787475
2020-06-19,4992,"sadness",0.0696827853295705
2020-06-20,535,"sadness",-0.11862833196399
2020-06-21,1379,"sadness",0.00361702063698839
2020-06-22,1957,"sadness",0.0247368867410145
2020-06-23,1712,"sadness",0.0391178974454489
2020-06-24,16287,"sadness",0.0406838871795353
2020-06-25,10560,"sadness",0.0292097060352505
2020-06-26,NA,"sadness",NA
2020-06-27,NA,"sadness",NA
2020-06-28,NA,"sadness",NA
2020-06-29,NA,"sadness",NA
2020-06-30,NA,"sadness",NA
2020-07-01,NA,"sadness",NA
2020-07-02,NA,"sadness",NA
2020-07-03,NA,"sadness",NA
2020-07-04,NA,"sadness",NA
2020-07-05,NA,"sadness",NA
2020-07-06,NA,"sadness",NA
2020-07-07,NA,"sadness",NA
2020-07-08,NA,"sadness",NA
2020-07-09,NA,"sadness",NA
2020-07-10,NA,"sadness",NA
2020-07-11,NA,"sadness",NA
2020-07-12,NA,"sadness",NA
2020-07-13,NA,"sadness",NA
2020-07-14,NA,"sadness",NA
2020-07-15,NA,"sadness",NA
2020-07-16,NA,"sadness",NA
2020-07-17,NA,"sadness",NA
2020-07-18,NA,"sadness",NA
2020-07-19,NA,"sadness",NA
2020-07-20,NA,"sadness",NA
2020-07-21,NA,"sadness",NA
2020-07-22,NA,"sadness",NA
2020-07-23,NA,"sadness",NA
2020-07-24,NA,"sadness",NA
2020-07-25,NA,"sadness",NA
2020-07-26,NA,"sadness",NA
2020-07-27,NA,"sadness",NA
2020-07-28,NA,"sadness",NA
2020-07-29,NA,"sadness",NA
2020-07-30,NA,"sadness",NA
2020-07-31,NA,"sadness",NA
2020-08-01,NA,"sadness",NA
2020-08-02,NA,"sadness",NA
2020-08-03,NA,"sadness",NA
2020-08-04,NA,"sadness",NA
2020-08-05,NA,"sadness",NA
2020-08-06,NA,"sadness",NA
2020-08-07,NA,"sadness",NA
2020-08-08,NA,"sadness",NA
2020-08-09,NA,"sadness",NA
2020-08-10,NA,"sadness",NA
2020-08-11,NA,"sadness",NA
2020-08-12,NA,"sadness",NA
2020-08-13,NA,"sadness",NA
2020-08-14,NA,"sadness",NA
2020-08-15,NA,"sadness",NA
2020-08-16,NA,"sadness",NA
2020-08-17,NA,"sadness",NA
2020-08-18,NA,"sadness",NA
2020-08-19,NA,"sadness",NA
2020-08-20,NA,"sadness",NA
2020-08-21,NA,"sadness",NA
2020-08-22,NA,"sadness",NA
2020-08-23,NA,"sadness",NA
2020-08-24,NA,"sadness",NA
2020-08-25,NA,"sadness",NA
2020-08-26,NA,"sadness",NA
2020-08-27,NA,"sadness",NA
2020-08-28,NA,"sadness",NA
2020-08-29,NA,"sadness",NA
2020-08-30,NA,"sadness",NA
2020-08-31,NA,"sadness",NA
2020-09-01,NA,"sadness",NA
2020-09-02,NA,"sadness",NA
2020-09-03,NA,"sadness",NA
2020-09-04,NA,"sadness",NA
2020-09-05,NA,"sadness",NA
2020-09-06,NA,"sadness",NA
2020-09-07,NA,"sadness",NA
2020-09-08,NA,"sadness",NA
2020-09-09,NA,"sadness",NA
2020-09-10,NA,"sadness",NA
2020-09-11,NA,"sadness",NA
2020-09-12,11,"sadness",NA
2020-09-13,11338,"sadness",NA
2020-09-14,17431,"sadness",NA
2020-09-15,14419,"sadness",NA
2020-09-16,11733,"sadness",NA
2020-09-17,18082,"sadness",NA
2020-09-18,13247,"sadness",-0.174794390839647
2020-09-19,11173,"sadness",-0.0473143032243595
2020-09-20,11619,"sadness",-0.0756724636671202
2020-09-21,12463,"sadness",-0.084434205934627
2020-09-22,16636,"sadness",-0.0695008012900253
2020-09-23,12395,"sadness",-0.0611699074046465
2020-09-24,16010,"sadness",-0.0431504226196803
2020-09-25,16386,"sadness",-0.0394377600623255
2020-09-26,9419,"sadness",-0.0431288072898309
2020-09-27,9394,"sadness",-0.0656111352807535
2020-09-28,14842,"sadness",-0.0573333004156768
2020-09-29,13928,"sadness",-0.0470899280273944
2020-09-30,19426,"sadness",-0.0326193875505892
2020-10-01,10528,"sadness",-0.0306745932765187
2020-10-02,14583,"sadness",-0.0293270361591151
2020-10-03,12866,"sadness",-0.0287430254654074
2020-10-04,14063,"sadness",-0.0158773369885454
2020-10-05,17597,"sadness",-0.0101268239697668
2020-10-06,19689,"sadness",0.00604643819709477
2020-10-07,17279,"sadness",0.00440366880751997
2020-10-08,18944,"sadness",-0.010506819202476
2020-10-09,14348,"sadness",-0.0033754512424283
2020-10-10,11288,"sadness",-0.00278056295976671
2020-10-11,28228,"sadness",0.00528019595570982
2020-10-12,15455,"sadness",0.0120325744190111
2020-10-13,19164,"sadness",-0.0152999244205064
2020-10-14,24838,"sadness",-0.0266016030354882
2020-10-15,21101,"sadness",-0.0308290086653417
2020-10-16,17745,"sadness",-0.0461898904445018
2020-10-17,15021,"sadness",-0.0614029967476093
2020-10-18,15159,"sadness",-0.0937474242762142
2020-10-19,23730,"sadness",-0.11778505236109
2020-10-20,17898,"sadness",-0.134322423066766
2020-10-21,23512,"sadness",-0.141058520560976
2020-10-22,29393,"sadness",-0.126800345609181
2020-10-23,21401,"sadness",-0.133993513616504
2020-10-24,18267,"sadness",-0.113367375631446
2020-10-25,20117,"sadness",-0.123574579414318
2020-10-26,17425,"sadness",-0.116551685216424
2020-10-27,27389,"sadness",-0.079719332192396
2020-10-28,25282,"sadness",-0.10048758907791
2020-10-29,32631,"sadness",-0.118698686119543
2020-10-30,26306,"sadness",-0.105141811465819
2020-10-31,32013,"sadness",-0.108860939978559
2020-11-01,21466,"sadness",-0.0928372422198223
2020-11-02,31993,"sadness",-0.0825034545384575
2020-11-03,49520,"sadness",-0.0823878532384155
2020-11-04,63399,"sadness",-0.0200506784863608
2020-11-05,61206,"sadness",0.00559558381389793
2020-11-06,54770,"sadness",0.0474664157460946
2020-11-07,48358,"sadness",0.0805070025445494
2020-11-08,22775,"sadness",0.0857732977604894
2020-11-09,19930,"sadness",0.0671228862689132
2020-11-10,22048,"sadness",0.0411957818105285
2020-11-11,23360,"sadness",-0.0115376949798582
2020-11-12,23265,"sadness",-0.0239578510792094
2020-11-13,25055,"sadness",-0.0423154834581987
2020-11-14,37072,"sadness",-0.0684204042110218
2020-11-15,27607,"sadness",-0.0531395843300484
2020-11-16,22405,"sadness",-0.0245788854332299
2020-11-17,20604,"sadness",-0.00992144893141046
2020-11-18,24569,"sadness",0.0346839512634779
2020-11-19,19207,"sadness",0.0327183002696875
2020-11-20,15558,"sadness",0.01109311914962
2020-11-21,17409,"sadness",0.00751831275780589
2020-11-22,16367,"sadness",0.0189727303077473
2020-11-23,18342,"sadness",-0.0045488391119445
2020-11-24,16945,"sadness",-0.0367606122092125
2020-11-25,21294,"sadness",-0.0687125902581295
2020-11-26,20287,"sadness",-0.0706649269708441
2020-11-27,17148,"sadness",-0.0599603526800797
2020-11-28,13921,"sadness",-0.076170336204746
2020-11-29,13317,"sadness",-0.119197075146723
2020-11-30,16794,"sadness",-0.106276740077934
2020-12-01,3366,"sadness",-0.0383940967882797
2020-12-02,24321,"sadness",-0.0548618276930637
2020-12-03,19035,"sadness",-0.0746130949533961
2020-12-04,23327,"sadness",-0.0776440999295104
2020-12-05,15034,"sadness",-0.0756561148188833
2020-12-06,16199,"sadness",-0.0715042643827108
2020-12-07,17223,"sadness",-0.0840104805959752
2020-12-08,17978,"sadness",-0.13254643455629
2020-12-09,18570,"sadness",-0.123411053416881
2020-12-10,17386,"sadness",-0.0725187129795048
2020-12-11,18890,"sadness",-0.0722876476846573
2020-01-07,24076,"social",NA
2020-01-08,24000,"social",NA
2020-01-09,28719,"social",NA
2020-01-10,25201,"social",NA
2020-01-11,20253,"social",NA
2020-01-12,20505,"social",NA
2020-01-13,24801,"social",-0.0213514087845643
2020-01-14,26656,"social",-0.0205717602173504
2020-01-15,25818,"social",-0.0232360970903123
2020-01-16,26850,"social",-0.018332006232793
2020-01-17,24174,"social",-0.0134597769684535
2020-01-18,19488,"social",-0.0160054000630128
2020-01-19,20042,"social",-0.00843302730758615
2020-01-20,24495,"social",-0.000815398887365095
2020-01-21,26887,"social",0.00106236134957938
2020-01-22,23810,"social",0.00462589103960481
2020-01-23,27086,"social",0.0089457258368099
2020-01-24,24465,"social",0.00155808280290528
2020-01-25,17734,"social",0.00384694080234074
2020-01-26,18188,"social",-0.00926557808248698
2020-01-27,22899,"social",-0.0196284083599306
2020-01-28,26893,"social",-0.0283505298843697
2020-01-29,23706,"social",-0.02618101014256
2020-01-30,25342,"social",-0.0369011797035744
2020-01-31,21099,"social",-0.0421969267942991
2020-02-01,14437,"social",-0.0488199744593725
2020-02-02,19327,"social",-0.0422986463772856
2020-02-03,26098,"social",-0.0390770884460141
2020-02-04,26927,"social",-0.0355656163351558
2020-02-05,29462,"social",-0.0329064186618956
2020-02-06,29492,"social",-0.0190934455684719
2020-02-07,27633,"social",-0.0136034905424414
2020-02-08,19878,"social",-0.00755924659929798
2020-02-09,19375,"social",-0.0111657782954661
2020-02-10,26090,"social",-0.00904022505073723
2020-02-11,29678,"social",-0.00585739441276004
2020-02-12,25812,"social",-0.00906741078104069
2020-02-13,27375,"social",-0.0165258049826098
2020-02-14,27251,"social",-0.0103847396300588
2020-02-15,18966,"social",-0.00348937889479614
2020-02-16,19685,"social",0.00219781915198598
2020-02-17,26578,"social",-0.00130215239438946
2020-02-18,27099,"social",0.00188208604626011
2020-02-19,24424,"social",0.00519768797320708
2020-02-20,25827,"social",0.00361751021661875
2020-02-21,25080,"social",-0.00227356108534299
2020-02-22,19409,"social",-0.0085521540638462
2020-02-23,24414,"social",-0.0181951909549226
2020-02-24,28657,"social",-0.0181707705007335
2020-02-25,35943,"social",-0.0285460782358394
2020-02-26,37702,"social",-0.0412742735149859
2020-02-27,41752,"social",-0.0465774980258448
2020-02-28,35822,"social",-0.0559790411966321
2020-02-29,25370,"social",-0.0611924199245143
2020-03-01,6835,"social",-0.055961294806787
2020-03-02,3072,"social",-0.0558985177565885
2020-03-03,1893,"social",-0.0465467469048972
2020-03-04,1291,"social",-0.0402999148066161
2020-03-05,1003,"social",-0.0505499056042664
2020-03-06,11946,"social",-0.0680216503206614
2020-03-07,207,"social",-0.0808578467336117
2020-03-08,137,"social",-0.0815565058830262
2020-03-09,12099,"social",-0.106517315865653
2020-03-10,22458,"social",-0.131784824260341
2020-03-11,24327,"social",-0.14890515191825
2020-03-12,29652,"social",-0.156288296711508
2020-03-13,43191,"social",-0.160379293596202
2020-03-14,33038,"social",-0.168126807056205
2020-03-15,45727,"social",-0.18591913826562
2020-03-16,41013,"social",-0.182117668460871
2020-03-17,40185,"social",-0.18505624647172
2020-03-18,38988,"social",-0.189088252947517
2020-03-19,36193,"social",-0.183762638240377
2020-03-20,33285,"social",-0.177184365393858
2020-03-21,27818,"social",-0.176099479030159
2020-03-22,29800,"social",-0.18275707903433
2020-03-23,30122,"social",-0.177486686409762
2020-03-24,32487,"social",-0.172782326628774
2020-03-25,30276,"social",-0.169646849696339
2020-03-26,33030,"social",-0.175149484159758
2020-03-27,33123,"social",-0.171022560687496
2020-03-28,24135,"social",-0.168170382759605
2020-03-29,26596,"social",-0.164682253100746
2020-03-30,44863,"social",-0.163835202955448
2020-03-31,30547,"social",-0.164786314873776
2020-04-01,29116,"social",-0.163189294156604
2020-04-02,29925,"social",-0.162800837447649
2020-04-03,29664,"social",-0.165196674550079
2020-04-04,27530,"social",-0.156361171808902
2020-04-05,1518,"social",-0.158186119232846
2020-04-06,9,"social",-0.180828532153661
2020-04-07,NA,"social",NA
2020-04-08,NA,"social",NA
2020-04-09,NA,"social",NA
2020-04-10,NA,"social",NA
2020-04-11,NA,"social",NA
2020-04-12,16831,"social",NA
2020-04-13,20716,"social",NA
2020-04-14,27452,"social",NA
2020-04-15,23034,"social",NA
2020-04-16,21689,"social",NA
2020-04-17,22067,"social",NA
2020-04-18,20590,"social",-0.176109324661878
2020-04-19,21957,"social",-0.171420250842753
2020-04-20,20133,"social",-0.170340046630349
2020-04-21,22342,"social",-0.163440418066139
2020-04-22,19332,"social",-0.164994629524695
2020-04-23,17846,"social",-0.16205980282294
2020-04-24,19985,"social",-0.154777602786812
2020-04-25,14985,"social",-0.154453653745363
2020-04-26,13225,"social",-0.154976958715013
2020-04-27,18661,"social",-0.148720504797912
2020-04-28,19924,"social",-0.1484580950448
2020-04-29,17203,"social",-0.146304012446844
2020-04-30,16687,"social",-0.142545920827191
2020-05-01,14936,"social",-0.151738370030253
2020-05-02,15867,"social",-0.1618778352759
2020-05-03,12979,"social",-0.168369197174411
2020-05-04,16048,"social",-0.178485373485457
2020-05-05,14514,"social",-0.188747062551051
2020-05-06,18188,"social",-0.192497994483973
2020-05-07,14155,"social",-0.204360219466793
2020-05-08,11241,"social",-0.207614652924119
2020-05-09,8092,"social",-0.204390468181194
2020-05-10,9763,"social",-0.199654067039858
2020-05-11,12677,"social",-0.201355782248556
2020-05-12,12976,"social",-0.20216532949772
2020-05-13,14456,"social",-0.205854156555089
2020-05-14,13774,"social",-0.201925137240917
2020-05-15,16734,"social",-0.193921191577215
2020-05-16,11936,"social",-0.20055233575346
2020-05-17,10205,"social",-0.215807073498441
2020-05-18,15564,"social",-0.211456892737394
2020-05-19,13081,"social",-0.20686459595182
2020-05-20,12189,"social",-0.207553534348148
2020-05-21,8029,"social",-0.211356798389411
2020-05-22,8505,"social",-0.223414131892015
2020-05-23,9099,"social",-0.216897425871642
2020-05-24,9081,"social",-0.205905320845995
2020-05-25,12633,"social",-0.209058905615113
2020-05-26,13295,"social",-0.2149712727978
2020-05-27,12600,"social",-0.218244442950454
2020-05-28,12351,"social",-0.220233470985422
2020-05-29,13900,"social",-0.214920827839486
2020-05-30,11217,"social",-0.224616207145353
2020-05-31,8723,"social",-0.228015618878188
2020-06-01,5563,"social",-0.226194629277823
2020-06-02,7941,"social",-0.221339257202268
2020-06-03,11659,"social",-0.229090493683051
2020-06-04,23387,"social",-0.217231087201873
2020-06-05,19181,"social",-0.206037979555406
2020-06-06,3348,"social",-0.199287761017824
2020-06-07,4962,"social",-0.210199289216023
2020-06-08,10475,"social",-0.217320580738533
2020-06-09,15807,"social",-0.21561235982349
2020-06-10,19915,"social",-0.202516376829574
2020-06-11,3464,"social",-0.211448503666379
2020-06-12,2347,"social",-0.240784428120579
2020-06-13,196,"social",-0.261905417113301
2020-06-14,1570,"social",-0.275192426555652
2020-06-15,70,"social",-0.29121769233237
2020-06-16,322,"social",-0.316122025350359
2020-06-17,9917,"social",-0.31381788062209
2020-06-18,4150,"social",-0.310760337426942
2020-06-19,4992,"social",-0.298286743916015
2020-06-20,535,"social",-0.295749643349424
2020-06-21,1379,"social",-0.304100836056034
2020-06-22,1957,"social",-0.291199061472492
2020-06-23,1712,"social",-0.278274579019824
2020-06-24,16287,"social",-0.250996130685503
2020-06-25,10560,"social",-0.224742453360958
2020-06-26,NA,"social",NA
2020-06-27,NA,"social",NA
2020-06-28,NA,"social",NA
2020-06-29,NA,"social",NA
2020-06-30,NA,"social",NA
2020-07-01,NA,"social",NA
2020-07-02,NA,"social",NA
2020-07-03,NA,"social",NA
2020-07-04,NA,"social",NA
2020-07-05,NA,"social",NA
2020-07-06,NA,"social",NA
2020-07-07,NA,"social",NA
2020-07-08,NA,"social",NA
2020-07-09,NA,"social",NA
2020-07-10,NA,"social",NA
2020-07-11,NA,"social",NA
2020-07-12,NA,"social",NA
2020-07-13,NA,"social",NA
2020-07-14,NA,"social",NA
2020-07-15,NA,"social",NA
2020-07-16,NA,"social",NA
2020-07-17,NA,"social",NA
2020-07-18,NA,"social",NA
2020-07-19,NA,"social",NA
2020-07-20,NA,"social",NA
2020-07-21,NA,"social",NA
2020-07-22,NA,"social",NA
2020-07-23,NA,"social",NA
2020-07-24,NA,"social",NA
2020-07-25,NA,"social",NA
2020-07-26,NA,"social",NA
2020-07-27,NA,"social",NA
2020-07-28,NA,"social",NA
2020-07-29,NA,"social",NA
2020-07-30,NA,"social",NA
2020-07-31,NA,"social",NA
2020-08-01,NA,"social",NA
2020-08-02,NA,"social",NA
2020-08-03,NA,"social",NA
2020-08-04,NA,"social",NA
2020-08-05,NA,"social",NA
2020-08-06,NA,"social",NA
2020-08-07,NA,"social",NA
2020-08-08,NA,"social",NA
2020-08-09,NA,"social",NA
2020-08-10,NA,"social",NA
2020-08-11,NA,"social",NA
2020-08-12,NA,"social",NA
2020-08-13,NA,"social",NA
2020-08-14,NA,"social",NA
2020-08-15,NA,"social",NA
2020-08-16,NA,"social",NA
2020-08-17,NA,"social",NA
2020-08-18,NA,"social",NA
2020-08-19,NA,"social",NA
2020-08-20,NA,"social",NA
2020-08-21,NA,"social",NA
2020-08-22,NA,"social",NA
2020-08-23,NA,"social",NA
2020-08-24,NA,"social",NA
2020-08-25,NA,"social",NA
2020-08-26,NA,"social",NA
2020-08-27,NA,"social",NA
2020-08-28,NA,"social",NA
2020-08-29,NA,"social",NA
2020-08-30,NA,"social",NA
2020-08-31,NA,"social",NA
2020-09-01,NA,"social",NA
2020-09-02,NA,"social",NA
2020-09-03,NA,"social",NA
2020-09-04,NA,"social",NA
2020-09-05,NA,"social",NA
2020-09-06,NA,"social",NA
2020-09-07,NA,"social",NA
2020-09-08,NA,"social",NA
2020-09-09,NA,"social",NA
2020-09-10,NA,"social",NA
2020-09-11,NA,"social",NA
2020-09-12,11,"social",NA
2020-09-13,11338,"social",NA
2020-09-14,17431,"social",NA
2020-09-15,14419,"social",NA
2020-09-16,11733,"social",NA
2020-09-17,18082,"social",NA
2020-09-18,13247,"social",-0.286890633610286
2020-09-19,11173,"social",-0.219494027025815
2020-09-20,11619,"social",-0.222860168678606
2020-09-21,12463,"social",-0.22337499798396
2020-09-22,16636,"social",-0.223486316030476
2020-09-23,12395,"social",-0.224668644194681
2020-09-24,16010,"social",-0.23184713529219
2020-09-25,16386,"social",-0.233856366878446
2020-09-26,9419,"social",-0.231865494596467
2020-09-27,9394,"social",-0.227628408328721
2020-09-28,14842,"social",-0.237791706592946
2020-09-29,13928,"social",-0.230258330605452
2020-09-30,19426,"social",-0.233099293342416
2020-10-01,10528,"social",-0.233349472785066
2020-10-02,14583,"social",-0.233858414595075
2020-10-03,12866,"social",-0.233239468869679
2020-10-04,14063,"social",-0.236740949912605
2020-10-05,17597,"social",-0.232094666716529
2020-10-06,19689,"social",-0.236002704243017
2020-10-07,17279,"social",-0.235823055019798
2020-10-08,18944,"social",-0.231185033422517
2020-10-09,14348,"social",-0.232645972251243
2020-10-10,11288,"social",-0.232697354362596
2020-10-11,28228,"social",-0.237437659824515
2020-10-12,15455,"social",-0.242461517427692
2020-10-13,19164,"social",-0.244704849053542
2020-10-14,24838,"social",-0.238678634730045
2020-10-15,21101,"social",-0.239223603946998
2020-10-16,17745,"social",-0.235762231904951
2020-10-17,15021,"social",-0.23095231368242
2020-10-18,15159,"social",-0.214193690930471
2020-10-19,23730,"social",-0.199073666095905
2020-10-20,17898,"social",-0.195636049163721
2020-10-21,23512,"social",-0.189778439240374
2020-10-22,29393,"social",-0.191925741359769
2020-10-23,21401,"social",-0.191438091959672
2020-10-24,18267,"social",-0.190901167549147
2020-10-25,20117,"social",-0.202728670262296
2020-10-26,17425,"social",-0.214949905947782
2020-10-27,27389,"social",-0.214842228060395
2020-10-28,25282,"social",-0.217254515403899
2020-10-29,32631,"social",-0.212142098607007
2020-10-30,26306,"social",-0.208013314903196
2020-10-31,32013,"social",-0.198550714805512
2020-11-01,21466,"social",-0.190758312817991
2020-11-02,31993,"social",-0.173763088403412
2020-11-03,49520,"social",-0.158726678314371
2020-11-04,63399,"social",-0.173059271093572
2020-11-05,61206,"social",-0.183811160493306
2020-11-06,54770,"social",-0.195980900645683
2020-11-07,48358,"social",-0.209627790733851
2020-11-08,22775,"social",-0.215380437698007
2020-11-09,19930,"social",-0.231209776597523
2020-11-10,22048,"social",-0.252277520273147
2020-11-11,23360,"social",-0.246659154131603
2020-11-12,23265,"social",-0.239674625127383
2020-11-13,25055,"social",-0.233517673765546
2020-11-14,37072,"social",-0.214667494987134
2020-11-15,27607,"social",-0.20918190541991
2020-11-16,22405,"social",-0.206750326879775
2020-11-17,20604,"social",-0.207347294285105
2020-11-18,24569,"social",-0.199224938161549
2020-11-19,19207,"social",-0.201864916749009
2020-11-20,15558,"social",-0.206690166614649
2020-11-21,17409,"social",-0.227921735516578
2020-11-22,16367,"social",-0.244140054000911
2020-11-23,18342,"social",-0.247831844093943
2020-11-24,16945,"social",-0.245045896842476
2020-11-25,21294,"social",-0.247551428075441
2020-11-26,20287,"social",-0.24911314161494
2020-11-27,17148,"social",-0.247913275253806
2020-11-28,13921,"social",-0.24698897459709
2020-11-29,13317,"social",-0.243937794620641
2020-11-30,16794,"social",-0.247680058431487
2020-12-01,3366,"social",-0.263632157883857
2020-12-02,24321,"social",-0.26120310212918
2020-12-03,19035,"social",-0.264112601381066
2020-12-04,23327,"social",-0.259057102071582
2020-12-05,15034,"social",-0.253091292006003
2020-12-06,16199,"social",-0.251170371133548
2020-12-07,17223,"social",-0.250285316550454
2020-12-08,17978,"social",-0.224018278946682
2020-12-09,18570,"social",-0.230985605163738
2020-12-10,17386,"social",-0.230682921628858
2020-12-11,18890,"social",-0.230844173113148
