"start","variable","value"
2020-01-03,"anger",-0.0931670913801698
2020-01-10,"anger",-0.146008508115439
2020-01-17,"anger",-0.170757972714034
2020-01-24,"anger",-0.0812456318629008
2020-01-31,"anger",-0.244271391654332
2020-02-07,"anger",-0.122444006493809
2020-02-14,"anger",-0.114845763778227
2020-02-21,"anger",0.153047315850956
2020-02-28,"anger",-0.0700092805389867
2020-03-06,"anger",-0.108294684679226
2020-03-13,"anger",-0.344333687096591
2020-03-20,"anger",-0.245628029225895
2020-03-27,"anger",-0.228772918885412
2020-04-03,"anger",-0.209860626842843
2020-04-10,"anger",-0.218317368690119
2020-04-17,"anger",-0.23674976414642
2020-04-24,"anger",-0.184019841466782
2020-05-01,"anger",-0.185432602370806
2020-05-08,"anger",-0.137976754833879
2020-05-15,"anger",-0.183983860559915
2020-05-22,"anger",-0.131924822930534
2020-05-29,"anger",-0.0348885073553395
2020-06-05,"anger",0.106370764233022
2020-06-12,"anger",-0.103473075109443
2020-06-19,"anger",-0.124093360597217
2020-06-26,"anger",-0.0886202197787289
2020-07-03,"anger",-0.107015105750444
2020-07-10,"anger",-0.140028264679747
2020-07-17,"anger",-0.090295899235069
2020-07-24,"anger",-0.151997403855717
2020-07-31,"anger",-0.0951632238060675
2020-08-07,"anger",-0.121179612029402
2020-08-14,"anger",-0.0876029485115125
2020-08-21,"anger",-0.127106853423327
2020-08-28,"anger",-0.1216123460121
2020-09-04,"anger",-0.0961677962784663
2020-09-11,"anger",-0.0474272820427876
2020-09-18,"anger",-0.106804936179648
2020-09-25,"anger",-0.114798160669459
2020-10-02,"anger",-0.110686559533795
2020-10-09,"anger",-0.172064406526989
2020-10-16,"anger",-0.0913190795876646
2020-10-23,"anger",-0.109325677535306
2020-10-30,"anger",-0.0454571673302439
2020-11-06,"anger",-0.0893122790396391
2020-11-13,"anger",-0.0290385846527812
2020-11-20,"anger",-0.178799414376625
2020-11-27,"anger",-0.0619119688259458
2020-12-04,"anger",-0.176158185568378
2020-12-11,"anger",-0.0630099863934982
2020-12-18,"anger",-0.16375125640187
2020-12-25,"anger",-0.209864517518738
2021-01-01,"anger",-0.217988307536473
2021-01-08,"anger",-0.0655547622739859
2021-01-15,"anger",-0.137047328505001
2021-01-22,"anger",-0.165307334713715
2020-01-06,"anger",-0.00238434704008135
2020-01-13,"anger",-0.160593686163433
2020-01-20,"anger",-0.148300714157274
2020-01-27,"anger",-0.115946474849585
2020-02-03,"anger",-0.118001992036554
2020-02-10,"anger",-0.202987324166421
2020-02-17,"anger",-0.113107416936015
2020-02-24,"anger",-0.191278816677525
2020-03-02,"anger",0.0471122456843722
2020-03-09,"anger",-0.198625003604101
2020-03-16,"anger",-0.286099502315687
2020-03-23,"anger",-0.260958004319164
2020-03-30,"anger",-0.272607898442686
2020-04-06,"anger",-0.216724507068821
2020-04-13,"anger",-0.244495380267795
2020-04-20,"anger",-0.228065554562855
2020-04-27,"anger",-0.143858639626815
2020-05-04,"anger",-0.248800420981168
2020-05-11,"anger",-0.240523524001219
2020-05-18,"anger",-0.150228999626937
2020-05-25,"anger",-0.148766555849516
2020-06-01,"anger",0.132964706510697
2020-06-08,"anger",-0.0728684431788284
2020-06-15,"anger",-0.211311582823596
2020-06-22,"anger",-0.0389459792774476
2020-06-29,"anger",-0.158279050948024
2020-07-06,"anger",-0.174246453973016
2020-07-13,"anger",-0.191668757118752
2020-07-20,"anger",-0.126308007261866
2020-07-27,"anger",-0.200817445636291
2020-08-03,"anger",-0.148690677602241
2020-08-10,"anger",-0.183301378519783
2020-08-17,"anger",-0.164442334798559
2020-08-24,"anger",-0.00130469716528314
2020-08-31,"anger",-0.109716173459961
2020-09-07,"anger",-0.0550994003948321
2020-09-14,"anger",-0.0848412488081007
2020-09-21,"anger",-0.133685062412133
2020-09-28,"anger",-0.144910775166538
2020-10-05,"anger",-0.126454331375608
2020-10-12,"anger",-0.165727267012457
2020-10-19,"anger",-0.120612757278158
2020-10-26,"anger",-0.105444483204488
2020-11-02,"anger",0.0462467790816848
2020-11-09,"anger",-0.0422615953467943
2020-11-16,"anger",-0.0987749789610163
2020-11-23,"anger",-0.166825400321118
2020-11-30,"anger",-0.140495176766625
2020-12-07,"anger",-0.0799881927002758
2020-12-14,"anger",-0.153228226784159
2020-12-21,"anger",-0.175839486259586
2020-12-28,"anger",-0.147101167477821
2021-01-04,"anger",-0.136716119889611
2021-01-11,"anger",-0.185918263001184
2021-01-18,"anger",-0.181386388866362
2021-01-25,"anger",-0.153489169746307
2020-01-04,"anger",-0.110624238747821
2020-01-11,"anger",-0.137597211316328
2020-01-18,"anger",0.0458722138621545
2020-01-25,"anger",-0.199343166672921
2020-02-01,"anger",-0.21610170224063
2020-02-08,"anger",-0.219833647639567
2020-02-15,"anger",-0.165649175232127
2020-02-22,"anger",-0.0208062339127169
2020-02-29,"anger",-0.0675721231173714
2020-03-07,"anger",-0.141874238272455
2020-03-14,"anger",-0.30066486347211
2020-03-21,"anger",-0.226723685089713
2020-03-28,"anger",-0.257504649577647
2020-04-04,"anger",-0.227716053640461
2020-04-11,"anger",-0.289747795567137
2020-04-18,"anger",-0.253981624525251
2020-04-25,"anger",-0.100925282584515
2020-05-02,"anger",-0.0998340563747649
2020-05-09,"anger",-0.146948369663111
2020-05-16,"anger",-0.218684086540027
2020-05-23,"anger",-0.245797339453402
2020-05-30,"anger",-0.10485989061852
2020-06-06,"anger",0.00799855406329306
2020-06-13,"anger",-0.100064761880373
2020-06-20,"anger",-0.171838678838941
2020-06-27,"anger",-0.139423103572809
2020-07-04,"anger",-0.19876128936109
2020-07-11,"anger",-0.119925169912613
2020-07-18,"anger",-0.0783019956766619
2020-07-25,"anger",-0.226785943337074
2020-08-01,"anger",-0.154264059937204
2020-08-08,"anger",-0.169448292331612
2020-08-15,"anger",-0.16629938801869
2020-08-22,"anger",-0.157396396762849
2020-08-29,"anger",-0.0415874122806082
2020-09-05,"anger",-0.0626148405422725
2020-09-12,"anger",-0.0288206019342123
2020-09-19,"anger",-0.0798771803866528
2020-09-26,"anger",-0.137801533305286
2020-10-03,"anger",-0.137567245412642
2020-10-10,"anger",-0.107213191532696
2020-10-17,"anger",-0.0259561628816719
2020-10-24,"anger",-0.256685848844209
2020-10-31,"anger",-0.113539143086388
2020-11-07,"anger",-0.166263006404244
2020-11-14,"anger",-0.2168465443256
2020-11-21,"anger",-0.178574132781449
2020-11-28,"anger",-0.130951002122888
2020-12-05,"anger",-0.1412972980309
2020-12-12,"anger",-0.105710213540785
2020-12-19,"anger",-0.0563695902628499
2020-12-26,"anger",-0.122031973017698
2021-01-02,"anger",-0.156501289313127
2021-01-09,"anger",-0.0897740775674953
2021-01-16,"anger",-0.156012953910496
2021-01-23,"anger",-0.13946544959389
2020-01-05,"anger",-0.0692809994336492
2020-01-12,"anger",-0.202638582392828
2020-01-19,"anger",-0.0768824240416338
2020-01-26,"anger",-0.262041992503606
2020-02-02,"anger",-0.214218923229334
2020-02-09,"anger",-0.15277291757423
2020-02-16,"anger",-0.118527575702923
2020-02-23,"anger",-0.0852813158326861
2020-03-01,"anger",-0.00904454190215891
2020-03-08,"anger",-0.0391420406516837
2020-03-15,"anger",-0.263528304880225
2020-03-22,"anger",-0.256554372304074
2020-03-29,"anger",-0.252892639624974
2020-04-05,"anger",-0.232387850397364
2020-04-12,"anger",-0.300861914705632
2020-04-19,"anger",-0.263331394385352
2020-04-26,"anger",-0.131113683940136
2020-05-03,"anger",-0.17265389480168
2020-05-10,"anger",-0.153827204607347
2020-05-17,"anger",-0.151269328491789
2020-05-24,"anger",-0.160545532848646
2020-05-31,"anger",0.098931084983783
2020-06-07,"anger",-0.0600772019311715
2020-06-14,"anger",-0.125137686227868
2020-06-21,"anger",-0.0529156108580448
2020-06-28,"anger",-0.218708036459427
2020-07-05,"anger",-0.105100299405343
2020-07-12,"anger",-0.096989419075589
2020-07-19,"anger",-0.161527298835272
2020-07-26,"anger",-0.239024704476192
2020-08-02,"anger",-0.0775211375178648
2020-08-09,"anger",-0.141623609588882
2020-08-16,"anger",-0.115481388981484
2020-08-23,"anger",0.0190098852242226
2020-08-30,"anger",-0.0233927632249664
2020-09-06,"anger",-0.108076308234991
2020-09-13,"anger",-0.0148907636740031
2020-09-20,"anger",-0.138194982263612
2020-09-27,"anger",-0.0554538111005358
2020-10-04,"anger",-0.0933972931608359
2020-10-11,"anger",-0.282953806515786
2020-10-18,"anger",-0.0717436438987658
2020-10-25,"anger",-0.153152509076106
2020-11-01,"anger",-0.129002571655553
2020-11-08,"anger",-0.0205053646843228
2020-11-15,"anger",-0.180751833349872
2020-11-22,"anger",-0.145329686191766
2020-11-29,"anger",-0.0545485125480323
2020-12-06,"anger",-0.126268228269389
2020-12-13,"anger",-0.123412845154729
2020-12-20,"anger",-0.198369553824776
2020-12-27,"anger",-0.229942221219605
2021-01-03,"anger",-0.110059829618977
2021-01-10,"anger",-0.105057858239511
2021-01-17,"anger",-0.21872095999286
2021-01-24,"anger",-0.166009068413582
2020-01-02,"anger",-0.195821523900347
2020-01-09,"anger",-0.0578452976235295
2020-01-16,"anger",-0.0372626913888993
2020-01-23,"anger",-0.19744250121664
2020-01-30,"anger",-0.135908660602808
2020-02-06,"anger",-0.157705706433172
2020-02-13,"anger",-0.0864549426069739
2020-02-20,"anger",0.268505483153123
2020-02-27,"anger",-0.206450530647003
2020-03-05,"anger",-0.137866677944447
2020-03-12,"anger",-0.314660114417888
2020-03-19,"anger",-0.276831479762325
2020-03-26,"anger",-0.271063389080106
2020-04-02,"anger",-0.18768806750979
2020-04-09,"anger",-0.222177162105664
2020-04-16,"anger",-0.201459847960598
2020-04-23,"anger",-0.161834390177099
2020-04-30,"anger",-0.193413342525561
2020-05-07,"anger",-0.166181152780925
2020-05-14,"anger",-0.108610849746707
2020-05-21,"anger",-0.12846788151455
2020-05-28,"anger",-0.160276859102416
2020-06-04,"anger",0.115571837542041
2020-06-11,"anger",-0.0473672581980045
2020-06-18,"anger",-0.103097596049721
2020-06-25,"anger",-0.104037142180791
2020-07-02,"anger",0.0845231895423227
2020-07-09,"anger",-0.118786224703838
2020-07-16,"anger",-0.111356421523439
2020-07-23,"anger",-0.125932008338304
2020-07-30,"anger",0.000310980652272378
2020-08-06,"anger",-0.0591443765740624
2020-08-13,"anger",-0.144942650425035
2020-08-20,"anger",-0.0911264364852547
2020-08-27,"anger",-0.0384139062519428
2020-09-03,"anger",0.177107335484628
2020-09-10,"anger",0.00948582975472043
2020-09-17,"anger",-0.0957056438395272
2020-09-24,"anger",-0.111898485641199
2020-10-01,"anger",-0.172730193677283
2020-10-08,"anger",-0.133502616205847
2020-10-15,"anger",-0.151266335157472
2020-10-22,"anger",-0.133063645037636
2020-10-29,"anger",0.0320954785930991
2020-11-05,"anger",-0.0225704934277748
2020-11-12,"anger",-0.099494006478762
2020-11-19,"anger",-0.119585831286521
2020-11-26,"anger",-0.119675288052997
2020-12-03,"anger",-0.176697611295001
2020-12-10,"anger",0.00849640450013201
2020-12-17,"anger",-0.0501740522856945
2020-12-24,"anger",-0.373647398216565
2020-12-31,"anger",-0.27204746452293
2021-01-07,"anger",-0.0369215275211494
2021-01-14,"anger",-0.17523968643503
2021-01-21,"anger",-0.17720296838269
2020-01-07,"anger",-0.126860782231579
2020-01-14,"anger",-0.100003167377301
2020-01-21,"anger",-0.139472105333169
2020-01-28,"anger",-0.184121063897804
2020-02-04,"anger",-0.118195062831935
2020-02-11,"anger",-0.150017942006581
2020-02-18,"anger",-0.0534554640079567
2020-02-25,"anger",-0.214270026292984
2020-03-03,"anger",-0.0985902405162888
2020-03-10,"anger",-0.240180575297391
2020-03-17,"anger",-0.337590847319465
2020-03-24,"anger",-0.319702416984375
2020-03-31,"anger",-0.2430141872711
2020-04-07,"anger",-0.207110511011632
2020-04-14,"anger",-0.27597790171598
2020-04-21,"anger",-0.241589241033735
2020-04-28,"anger",-0.207267543602275
2020-05-05,"anger",-0.17893693201863
2020-05-12,"anger",-0.178977050239257
2020-05-19,"anger",-0.217117955035427
2020-05-26,"anger",-0.227333378807001
2020-06-02,"anger",0.0652001225604929
2020-06-09,"anger",-0.164421331722136
2020-06-16,"anger",-0.132750442795978
2020-06-23,"anger",-0.199502351328794
2020-06-30,"anger",-0.149883829380392
2020-07-07,"anger",-0.20553817602808
2020-07-14,"anger",-0.165445386240211
2020-07-21,"anger",-0.199106111980788
2020-07-28,"anger",-0.159230152811098
2020-08-04,"anger",-0.109982166676501
2020-08-11,"anger",-0.0775827905269503
2020-08-18,"anger",-0.0925375730310069
2020-08-25,"anger",-0.13601784100973
2020-09-01,"anger",-0.152729920138881
2020-09-08,"anger",-0.10990019427121
2020-09-15,"anger",-0.145074283508162
2020-09-22,"anger",-0.118718219657931
2020-09-29,"anger",-0.0617624604060167
2020-10-06,"anger",-0.111622202796329
2020-10-13,"anger",-0.163409329417911
2020-10-20,"anger",-0.123999545554792
2020-10-27,"anger",-0.108249660884787
2020-11-03,"anger",0.74275543896709
2020-11-10,"anger",-0.115804454778314
2020-11-17,"anger",-0.155803119960031
2020-11-24,"anger",-0.19391103162754
2020-12-01,"anger",-0.17300187166727
2020-12-08,"anger",-0.13016271659261
2020-12-15,"anger",-0.11261731380437
2020-12-22,"anger",-0.162055870165224
2020-12-29,"anger",-0.157993571418568
2021-01-05,"anger",-0.187221718936102
2021-01-12,"anger",-0.157724722460524
2021-01-19,"anger",-0.15710641289751
2021-01-26,"anger",-0.122012494873259
2020-01-01,"anger",-0.19081696229722
2020-01-08,"anger",-0.119663409908726
2020-01-15,"anger",-0.0217045662531308
2020-01-22,"anger",-0.142410365357523
2020-01-29,"anger",-0.137869268887645
2020-02-05,"anger",-0.116470203661739
2020-02-12,"anger",-0.118958073838626
2020-02-19,"anger",-0.0781581048169158
2020-02-26,"anger",-0.191684659921029
2020-03-04,"anger",-0.142523340743471
2020-03-11,"anger",-0.265044045217527
2020-03-18,"anger",-0.275149044273623
2020-03-25,"anger",-0.300534372321695
2020-04-01,"anger",-0.261742184720051
2020-04-08,"anger",-0.22976112974927
2020-04-15,"anger",-0.235837680914575
2020-04-22,"anger",-0.224560920695161
2020-04-29,"anger",-0.22625513632828
2020-05-06,"anger",-0.168957503588309
2020-05-13,"anger",-0.200337992894958
2020-05-20,"anger",-0.18661219975256
2020-05-27,"anger",-0.133272090823666
2020-06-03,"anger",0.0217376368293899
2020-06-10,"anger",-0.0929220558338743
2020-06-17,"anger",-0.150554620576849
2020-06-24,"anger",-0.176147620824273
2020-07-01,"anger",-0.14465814362451
2020-07-08,"anger",-0.104086769345453
2020-07-15,"anger",-0.147847949190658
2020-07-22,"anger",-0.114573357217309
2020-07-29,"anger",0.010955125039018
2020-08-05,"anger",-0.0370929099001531
2020-08-12,"anger",-0.111186029110816
2020-08-19,"anger",-0.0860228712988377
2020-08-26,"anger",-0.20458100976547
2020-09-02,"anger",-0.0757821347030528
2020-09-09,"anger",0.0932671852232528
2020-09-16,"anger",-0.124563620449593
2020-09-23,"anger",-0.0723098372252616
2020-09-30,"anger",-0.0537001865558034
2020-10-07,"anger",-0.103452063440652
2020-10-14,"anger",-0.00158009481368067
2020-10-21,"anger",-0.122919993214028
2020-10-28,"anger",-0.123701978167812
2020-11-04,"anger",0.0334521951910625
2020-11-11,"anger",-0.0303353914819025
2020-11-18,"anger",-0.132671411497615
2020-11-25,"anger",-0.00312584001111081
2020-12-02,"anger",-0.141158698743093
2020-12-09,"anger",-0.101111639055335
2020-12-16,"anger",-0.114168928143451
2020-12-23,"anger",-0.173697507190955
2020-12-30,"anger",-0.138857953014508
2021-01-06,"anger",-0.139874393066701
2021-01-13,"anger",-0.123743569726212
2021-01-20,"anger",-0.153238964674768
2020-01-03,"anxiety",-0.0566673461402909
2020-01-10,"anxiety",-0.190553857465407
2020-01-17,"anxiety",-0.213887647529917
2020-01-24,"anxiety",-0.120029983111243
2020-01-31,"anxiety",-0.0565148283135348
2020-02-07,"anxiety",-0.0525048191357547
2020-02-14,"anxiety",-0.0945411670314735
2020-02-21,"anxiety",-0.0264894646356427
2020-02-28,"anxiety",0.400793779900996
2020-03-06,"anxiety",0.286734565431904
2020-03-13,"anxiety",0.586930751381402
2020-03-20,"anxiety",0.112608500503847
2020-03-27,"anxiety",0.12764841867889
2020-04-03,"anxiety",0.0248900030801374
2020-04-10,"anxiety",-0.0238148817298405
2020-04-17,"anxiety",0.0518391784555536
2020-04-24,"anxiety",0.109156287195547
2020-05-01,"anxiety",0.0640185526537982
2020-05-08,"anxiety",0.013484860779766
2020-05-15,"anxiety",-0.00820941811547948
2020-05-22,"anxiety",0.0288142866181846
2020-05-29,"anxiety",-0.0101472617266592
2020-06-05,"anxiety",-0.00763297721834846
2020-06-12,"anxiety",-0.0490916527915889
2020-06-19,"anxiety",0.00239004788715144
2020-06-26,"anxiety",-0.0391761898378323
2020-07-03,"anxiety",0.00200822072300323
2020-07-10,"anxiety",-0.115187317822583
2020-07-17,"anxiety",-0.0474019365729784
2020-07-24,"anxiety",0.01250051006561
2020-07-31,"anxiety",-0.0322520636553404
2020-08-07,"anxiety",0.0483317008676069
2020-08-14,"anxiety",0.00691983750410867
2020-08-21,"anxiety",-0.080851704492069
2020-08-28,"anxiety",0.0736646848515029
2020-09-04,"anxiety",0.102856614723374
2020-09-11,"anxiety",0.10866737295297
2020-09-18,"anxiety",0.0735830566558938
2020-09-25,"anxiety",0.106636090785732
2020-10-02,"anxiety",-0.00995342895998961
2020-10-09,"anxiety",-0.0335276047945017
2020-10-16,"anxiety",0.0898721270323664
2020-10-23,"anxiety",0.0943115593865134
2020-10-30,"anxiety",0.357980327980727
2020-11-06,"anxiety",0.0795512963794926
2020-11-13,"anxiety",0.201524124822611
2020-11-20,"anxiety",0.0583276893402124
2020-11-27,"anxiety",0.161474188607634
2020-12-04,"anxiety",-0.0331913357392452
2020-12-11,"anxiety",0.131929961908931
2020-12-18,"anxiety",0.126475152393069
2020-12-25,"anxiety",-0.0199967707604675
2021-01-01,"anxiety",-0.0380248218537341
2021-01-08,"anxiety",0.175801999979841
2021-01-15,"anxiety",0.134419182205571
2021-01-22,"anxiety",0.0882508592359758
2020-01-06,"anxiety",-0.131989472648953
2020-01-13,"anxiety",-0.142062926026729
2020-01-20,"anxiety",-0.0665813235752933
2020-01-27,"anxiety",-0.0572766484612753
2020-02-03,"anxiety",-0.0978235269445145
2020-02-10,"anxiety",-0.163965012504499
2020-02-17,"anxiety",0.00646714948868512
2020-02-24,"anxiety",0.178590994233331
2020-03-02,"anxiety",0.222216528461145
2020-03-09,"anxiety",0.422063660262458
2020-03-16,"anxiety",0.208468297694619
2020-03-23,"anxiety",0.077098217876604
2020-03-30,"anxiety",0.111826174620784
2020-04-06,"anxiety",0.0206147633684476
2020-04-13,"anxiety",-0.016914180430529
2020-04-20,"anxiety",0.0146943926492186
2020-04-27,"anxiety",0.869213634011278
2020-05-04,"anxiety",0.0692921965588849
2020-05-11,"anxiety",-0.112436996427092
2020-05-18,"anxiety",0.0977780067871868
2020-05-25,"anxiety",-0.0558050272983727
2020-06-01,"anxiety",0.150115953105647
2020-06-08,"anxiety",-0.0430656590598224
2020-06-15,"anxiety",-0.0781759056395616
2020-06-22,"anxiety",0.111468784937629
2020-06-29,"anxiety",-0.0339903779696848
2020-07-06,"anxiety",0.0843697949616603
2020-07-13,"anxiety",-0.113822844931104
2020-07-20,"anxiety",0.0756751468589904
2020-07-27,"anxiety",-0.0326498681558413
2020-08-03,"anxiety",-0.052543857076748
2020-08-10,"anxiety",0.0193755342500498
2020-08-17,"anxiety",0.0410486668756971
2020-08-24,"anxiety",0.0746265163669231
2020-08-31,"anxiety",0.0768237442071636
2020-09-07,"anxiety",0.0764521715133586
2020-09-14,"anxiety",0.141865750830727
2020-09-21,"anxiety",0.04031677085056
2020-09-28,"anxiety",0.018451312273386
2020-10-05,"anxiety",0.140945682755758
2020-10-12,"anxiety",-0.0569283245320738
2020-10-19,"anxiety",0.0643367406791875
2020-10-26,"anxiety",0.0531400863728477
2020-11-02,"anxiety",0.496855300814954
2020-11-09,"anxiety",0.0740579661854351
2020-11-16,"anxiety",0.0471032021023637
2020-11-23,"anxiety",0.156816914883668
2020-11-30,"anxiety",0.0376667562945379
2020-12-07,"anxiety",0.14230044547705
2020-12-14,"anxiety",0.0956031894455383
2020-12-21,"anxiety",0.171973448394502
2020-12-28,"anxiety",0.0940694472297956
2021-01-04,"anxiety",0.0653224764475525
2021-01-11,"anxiety",0.0925461022351722
2021-01-18,"anxiety",0.0846954522976726
2021-01-25,"anxiety",0.0491226945378732
2020-01-04,"anxiety",-0.118703113660838
2020-01-11,"anxiety",-0.0244515821077781
2020-01-18,"anxiety",-0.154436466159777
2020-01-25,"anxiety",-0.039699463922906
2020-02-01,"anxiety",-0.0663828435778616
2020-02-08,"anxiety",-0.0476001195757633
2020-02-15,"anxiety",-0.0671751314231257
2020-02-22,"anxiety",-0.0660839604866547
2020-02-29,"anxiety",0.279430629127387
2020-03-07,"anxiety",0.196746801213495
2020-03-14,"anxiety",0.266797828763888
2020-03-21,"anxiety",0.109150656001492
2020-03-28,"anxiety",0.0341439040407093
2020-04-04,"anxiety",0.189297137844629
2020-04-11,"anxiety",-0.0223498153369891
2020-04-18,"anxiety",0.0903477388812962
2020-04-25,"anxiety",0.120849444500291
2020-05-02,"anxiety",0.136248135227706
2020-05-09,"anxiety",-0.013702303249869
2020-05-16,"anxiety",-0.00283058962291675
2020-05-23,"anxiety",-0.0893420484420542
2020-05-30,"anxiety",0.0172427601012036
2020-06-06,"anxiety",0.0433620043345075
2020-06-13,"anxiety",-0.134250975517888
2020-06-20,"anxiety",-0.050845191748983
2020-06-27,"anxiety",-0.0949438478211034
2020-07-04,"anxiety",-0.0985131742939457
2020-07-11,"anxiety",0.0171620834471693
2020-07-18,"anxiety",-0.0665300783459868
2020-07-25,"anxiety",-0.0620296516996673
2020-08-01,"anxiety",-0.0832347475201601
2020-08-08,"anxiety",-0.0667836320809894
2020-08-15,"anxiety",0.08348706547658
2020-08-22,"anxiety",0.0817817178509956
2020-08-29,"anxiety",5.18407887263612e-05
2020-09-05,"anxiety",0.00974000493483905
2020-09-12,"anxiety",0.146963642007929
2020-09-19,"anxiety",0.135950209120977
2020-09-26,"anxiety",0.0295270623948796
2020-10-03,"anxiety",0.166193878812349
2020-10-10,"anxiety",0.13881442685433
2020-10-17,"anxiety",0.260654715243363
2020-10-24,"anxiety",0.066090326612728
2020-10-31,"anxiety",0.170192726267263
2020-11-07,"anxiety",0.176052080691945
2020-11-14,"anxiety",0.0560561392239448
2020-11-21,"anxiety",-0.0274599053657231
2020-11-28,"anxiety",0.166995186439978
2020-12-05,"anxiety",0.131649814697216
2020-12-12,"anxiety",0.0878050146862423
2020-12-19,"anxiety",0.231179180049157
2020-12-26,"anxiety",-0.0187214505062507
2021-01-02,"anxiety",0.0491423777724227
2021-01-09,"anxiety",0.124635165983178
2021-01-16,"anxiety",0.0738668072246212
2021-01-23,"anxiety",0.297587896937193
2020-01-05,"anxiety",0.01947927773126
2020-01-12,"anxiety",-0.10076816358677
2020-01-19,"anxiety",-0.0368804112553503
2020-01-26,"anxiety",0.0499823680815273
2020-02-02,"anxiety",-0.169114545615192
2020-02-09,"anxiety",-0.0466696771641669
2020-02-16,"anxiety",-0.0379798978440686
2020-02-23,"anxiety",0.18719800630801
2020-03-01,"anxiety",0.262146288078769
2020-03-08,"anxiety",0.159623885425666
2020-03-15,"anxiety",0.431912785079768
2020-03-22,"anxiety",0.150932241156173
2020-03-29,"anxiety",0.0292266329353634
2020-04-05,"anxiety",0.223077943835757
2020-04-12,"anxiety",-0.0333173272316526
2020-04-19,"anxiety",0.0695141057601479
2020-04-26,"anxiety",0.0947704804158542
2020-05-03,"anxiety",0.11739291315857
2020-05-10,"anxiety",0.0746344479769118
2020-05-17,"anxiety",0.099699384929171
2020-05-24,"anxiety",-0.103838120491475
2020-05-31,"anxiety",0.167639106516189
2020-06-07,"anxiety",0.0399232805041323
2020-06-14,"anxiety",-0.0867502370319216
2020-06-21,"anxiety",0.150327197391642
2020-06-28,"anxiety",-0.102177285421473
2020-07-05,"anxiety",-0.0901217744043766
2020-07-12,"anxiety",-0.0375353671221659
2020-07-19,"anxiety",0.0367596009725699
2020-07-26,"anxiety",-0.0472077872480081
2020-08-02,"anxiety",0.0141364322857272
2020-08-09,"anxiety",-0.00493115063581005
2020-08-16,"anxiety",0.0921861407386902
2020-08-23,"anxiety",0.0886844203649929
2020-08-30,"anxiety",0.0559841416357276
2020-09-06,"anxiety",0.0372547781837331
2020-09-13,"anxiety",0.211109088024146
2020-09-20,"anxiety",0.0360169365019592
2020-09-27,"anxiety",-0.0409286184637037
2020-10-04,"anxiety",-0.0577332150153376
2020-10-11,"anxiety",-0.0594804627244086
2020-10-18,"anxiety",0.0748423275433825
2020-10-25,"anxiety",0.158766499500637
2020-11-01,"anxiety",0.22196904732929
2020-11-08,"anxiety",0.209854581599204
2020-11-15,"anxiety",0.0261917724218838
2020-11-22,"anxiety",0.0208722834386535
2020-11-29,"anxiety",0.0878424433512526
2020-12-06,"anxiety",0.109373995185836
2020-12-13,"anxiety",0.238300701425337
2020-12-20,"anxiety",0.0734978313061232
2020-12-27,"anxiety",-0.0320758949359551
2021-01-03,"anxiety",0.0832820047243612
2021-01-10,"anxiety",0.167343027044461
2021-01-17,"anxiety",0.192766964728416
2021-01-24,"anxiety",0.10806679880502
2020-01-02,"anxiety",-0.001551032401668
2020-01-09,"anxiety",-0.0981956260277995
2020-01-16,"anxiety",0.013997407962132
2020-01-23,"anxiety",-0.0924645380658599
2020-01-30,"anxiety",0.0142056007333947
2020-02-06,"anxiety",0.0496253200023165
2020-02-13,"anxiety",-0.0275671083068805
2020-02-20,"anxiety",0.0822873550683457
2020-02-27,"anxiety",0.329097638924245
2020-03-05,"anxiety",0.115374742611185
2020-03-12,"anxiety",0.359606144016827
2020-03-19,"anxiety",0.133372372928691
2020-03-26,"anxiety",0.0178298720359158
2020-04-02,"anxiety",0.215080725973424
2020-04-09,"anxiety",0.00902861884156073
2020-04-16,"anxiety",0.0585281084386806
2020-04-23,"anxiety",-0.114407316676249
2020-04-30,"anxiety",0.0137323009803188
2020-05-07,"anxiety",0.0615373462026173
2020-05-14,"anxiety",0.0579890209760362
2020-05-21,"anxiety",-0.0398487253281488
2020-05-28,"anxiety",-0.0854006444633095
2020-06-04,"anxiety",0.0950198985720803
2020-06-11,"anxiety",-0.055067852251383
2020-06-18,"anxiety",0.0359254195248934
2020-06-25,"anxiety",-0.0413443171281123
2020-07-02,"anxiety",0.367365267911329
2020-07-09,"anxiety",-0.0159972237373559
2020-07-16,"anxiety",0.0865438581372269
2020-07-23,"anxiety",-0.0806868272749219
2020-07-30,"anxiety",0.0672038938496523
2020-08-06,"anxiety",-0.00457417778537922
2020-08-13,"anxiety",0.0626907464042033
2020-08-20,"anxiety",0.0284375508389828
2020-08-27,"anxiety",0.133601707080429
2020-09-03,"anxiety",0.074567973664686
2020-09-10,"anxiety",0.246441842818571
2020-09-17,"anxiety",0.123690866182024
2020-09-24,"anxiety",0.145479152970539
2020-10-01,"anxiety",0.00157433976586814
2020-10-08,"anxiety",0.110518530031696
2020-10-15,"anxiety",0.283400369847204
2020-10-22,"anxiety",0.194040200932639
2020-10-29,"anxiety",0.330591085524401
2020-11-05,"anxiety",0.170379658040175
2020-11-12,"anxiety",0.100740139412677
2020-11-19,"anxiety",0.0766349776961373
2020-11-26,"anxiety",0.08168263184188
2020-12-03,"anxiety",-0.0387077259779729
2020-12-10,"anxiety",0.131593829812731
2020-12-17,"anxiety",0.0364844123046931
2020-12-24,"anxiety",-0.163917861238817
2020-12-31,"anxiety",-0.0199120191767992
2021-01-07,"anxiety",0.145941151499606
2021-01-14,"anxiety",0.0796103003571857
2021-01-21,"anxiety",-0.0109448065520096
2020-01-07,"anxiety",-0.228493500251222
2020-01-14,"anxiety",-0.0786019771885736
2020-01-21,"anxiety",-0.0288897206814565
2020-01-28,"anxiety",0.00922446994558583
2020-02-04,"anxiety",-0.0185298069543951
2020-02-11,"anxiety",-0.042369806695351
2020-02-18,"anxiety",0.00250978976271925
2020-02-25,"anxiety",0.348831450342006
2020-03-03,"anxiety",0.113123041773703
2020-03-10,"anxiety",0.248262225139782
2020-03-17,"anxiety",0.089098406007534
2020-03-24,"anxiety",0.0942883104085703
2020-03-31,"anxiety",0.110391797660313
2020-04-07,"anxiety",0.0151663709184522
2020-04-14,"anxiety",0.0758655264991896
2020-04-21,"anxiety",0.0156359091651258
2020-04-28,"anxiety",0.322793063576552
2020-05-05,"anxiety",0.0258190184067591
2020-05-12,"anxiety",-0.00981799296743525
2020-05-19,"anxiety",0.00309420648551045
2020-05-26,"anxiety",-0.0259769833479732
2020-06-02,"anxiety",0.100664379692871
2020-06-09,"anxiety",-0.109289162545729
2020-06-16,"anxiety",0.100972454896228
2020-06-23,"anxiety",-0.0461255897634443
2020-06-30,"anxiety",0.0631286415365244
2020-07-07,"anxiety",-0.0515073419186927
2020-07-14,"anxiety",0.0776463051949405
2020-07-21,"anxiety",-0.119598400082008
2020-07-28,"anxiety",0.0776037119257884
2020-08-04,"anxiety",0.00155335516986455
2020-08-11,"anxiety",-0.00311758492575613
2020-08-18,"anxiety",-0.0953623494632911
2020-08-25,"anxiety",0.107978511771315
2020-09-01,"anxiety",0.0247163955283532
2020-09-08,"anxiety",0.0613096971142257
2020-09-15,"anxiety",0.202172733893309
2020-09-22,"anxiety",0.110615659104548
2020-09-29,"anxiety",0.124063950168416
2020-10-06,"anxiety",0.21350454491837
2020-10-13,"anxiety",0.0848243854444655
2020-10-20,"anxiety",0.145477609485945
2020-10-27,"anxiety",0.0981736068035493
2020-11-03,"anxiety",0.697500902599127
2020-11-10,"anxiety",0.094292599406129
2020-11-17,"anxiety",-0.00575812192442812
2020-11-24,"anxiety",0.0195825785558038
2020-12-01,"anxiety",0.0945608493154049
2020-12-08,"anxiety",0.11925646294378
2020-12-15,"anxiety",0.062623581830821
2020-12-22,"anxiety",0.112897558014245
2020-12-29,"anxiety",0.102586625786933
2021-01-05,"anxiety",0.11980444582284
2021-01-12,"anxiety",0.068626477509281
2021-01-19,"anxiety",0.183174187738222
2021-01-26,"anxiety",0.0656698513649934
2020-01-01,"anxiety",-0.227129614797904
2020-01-08,"anxiety",-0.0972540763290027
2020-01-15,"anxiety",0.0640928507547693
2020-01-22,"anxiety",-0.0354974571021304
2020-01-29,"anxiety",-0.070897035495751
2020-02-05,"anxiety",-0.108735801256811
2020-02-12,"anxiety",-0.138935236113005
2020-02-19,"anxiety",-0.03213757176771
2020-02-26,"anxiety",0.427433917700268
2020-03-04,"anxiety",0.101903635262857
2020-03-11,"anxiety",0.202565030733326
2020-03-18,"anxiety",0.162713701377842
2020-03-25,"anxiety",0.0864310059437174
2020-04-01,"anxiety",0.0662666341287571
2020-04-08,"anxiety",-0.0707198121218399
2020-04-15,"anxiety",-0.0504990068216876
2020-04-22,"anxiety",0.0168336686234325
2020-04-29,"anxiety",0.138727889628139
2020-05-06,"anxiety",0.11912353279685
2020-05-13,"anxiety",0.0346724619120917
2020-05-20,"anxiety",0.0690321952357794
2020-05-27,"anxiety",-0.0171436560912918
2020-06-03,"anxiety",-0.0464804992129835
2020-06-10,"anxiety",-0.0436080375177026
2020-06-17,"anxiety",-0.00701043920466143
2020-06-24,"anxiety",-0.0429405003277459
2020-07-01,"anxiety",-0.103548165917544
2020-07-08,"anxiety",-0.0383627816639467
2020-07-15,"anxiety",0.0266906563449588
2020-07-22,"anxiety",-0.164078618895022
2020-07-29,"anxiety",-0.002338275322699
2020-08-05,"anxiety",-0.0522761435734815
2020-08-12,"anxiety",0.0587356562360766
2020-08-19,"anxiety",0.0314944390688768
2020-08-26,"anxiety",0.109354614973418
2020-09-02,"anxiety",0.060952561995335
2020-09-09,"anxiety",0.188589715147954
2020-09-16,"anxiety",0.104332819099197
2020-09-23,"anxiety",0.144808966351034
2020-09-30,"anxiety",0.0466510215110884
2020-10-07,"anxiety",0.147220646939203
2020-10-14,"anxiety",0.126863317242127
2020-10-21,"anxiety",-0.00419872981289947
2020-10-28,"anxiety",0.193140807705952
2020-11-04,"anxiety",0.157549830130255
2020-11-11,"anxiety",0.191600486090416
2020-11-18,"anxiety",0.165140541571183
2020-11-25,"anxiety",0.060376418784008
2020-12-02,"anxiety",-0.0978687068696941
2020-12-09,"anxiety",0.0660057522399349
2020-12-16,"anxiety",0.0655559423032845
2020-12-23,"anxiety",-0.00410053410508132
2020-12-30,"anxiety",0.057983622443811
2021-01-06,"anxiety",0.104927409126013
2021-01-13,"anxiety",0.137868613368044
2021-01-20,"anxiety",0.0553290125842242
2020-01-03,"posemo",0.0441671630480697
2020-01-10,"posemo",-0.0145406107871926
2020-01-17,"posemo",0.00434031612076996
2020-01-24,"posemo",0.0114955689431951
2020-01-31,"posemo",0.0233201848060968
2020-02-07,"posemo",0.0201768357444692
2020-02-14,"posemo",0.0444649664769769
2020-02-21,"posemo",0.0221036094518153
2020-02-28,"posemo",0.00538667567269068
2020-03-06,"posemo",0.0519201309909141
2020-03-13,"posemo",-0.00316521904928221
2020-03-20,"posemo",0.0502989328422977
2020-03-27,"posemo",0.0200591883928694
2020-04-03,"posemo",0.0436125869602258
2020-04-10,"posemo",0.0408757297735548
2020-04-17,"posemo",0.0361736060718665
2020-04-24,"posemo",0.0508397425778204
2020-05-01,"posemo",0.0462213200210042
2020-05-08,"posemo",0.0349222346833561
2020-05-15,"posemo",0.0393335517170336
2020-05-22,"posemo",0.000157612865039923
2020-05-29,"posemo",0.0288223454756014
2020-06-05,"posemo",0.0151756840555544
2020-06-12,"posemo",0.0111972730945875
2020-06-19,"posemo",0.0130709190605222
2020-06-26,"posemo",-0.0119334115508171
2020-07-03,"posemo",0.0165230759925201
2020-07-10,"posemo",-0.00989695821823709
2020-07-17,"posemo",0.0226774723196219
2020-07-24,"posemo",0.0161076419927404
2020-07-31,"posemo",0.01740814086011
2020-08-07,"posemo",0.00513869003754622
2020-08-14,"posemo",0.000515300601890517
2020-08-21,"posemo",0.0100631874882396
2020-08-28,"posemo",0.047824861677657
2020-09-04,"posemo",-0.00637885492958788
2020-09-11,"posemo",0.0127799089473211
2020-09-18,"posemo",0.0177033873767947
2020-09-25,"posemo",0.0168800267598814
2020-10-02,"posemo",0.0357869609223184
2020-10-09,"posemo",0.027589216324955
2020-10-16,"posemo",0.0250220913838095
2020-10-23,"posemo",0.0188084916683233
2020-10-30,"posemo",0.0401223822865412
2020-11-06,"posemo",0.00412766346750789
2020-11-13,"posemo",0.0350968843833522
2020-11-20,"posemo",0.0287710860200704
2020-11-27,"posemo",0.0676346428741272
2020-12-04,"posemo",0.0481315090054231
2020-12-11,"posemo",0.0524330870174306
2020-12-18,"posemo",0.018482047584619
2020-12-25,"posemo",0.03797289468115
2021-01-01,"posemo",0.102366196965369
2021-01-08,"posemo",0.0307211960183861
2021-01-15,"posemo",0.0354724374560661
2021-01-22,"posemo",0.0246285513095672
2020-01-06,"posemo",0.0136303846725081
2020-01-13,"posemo",0.00275239243742041
2020-01-20,"posemo",0.0100740014865058
2020-01-27,"posemo",-0.0274199781916622
2020-02-03,"posemo",0.0012556394056625
2020-02-10,"posemo",-0.0751592161166205
2020-02-17,"posemo",-0.0171104220731041
2020-02-24,"posemo",-0.0324631713078963
2020-03-02,"posemo",0.0182611884481399
2020-03-09,"posemo",-0.0120606651268178
2020-03-16,"posemo",0.0211388643275006
2020-03-23,"posemo",0.0363743062790904
2020-03-30,"posemo",0.0158535145597353
2020-04-06,"posemo",0.0322638027473635
2020-04-13,"posemo",0.0402679867638264
2020-04-20,"posemo",0.00278574326454342
2020-04-27,"posemo",0.0490835886117105
2020-05-04,"posemo",0.0273963215775063
2020-05-11,"posemo",0.0350440206435852
2020-05-18,"posemo",0.0202626193234567
2020-05-25,"posemo",0.0291757680682399
2020-06-01,"posemo",0.0101802337357246
2020-06-08,"posemo",0.00190528603821753
2020-06-15,"posemo",0.0211575336750015
2020-06-22,"posemo",0.018381857499337
2020-06-29,"posemo",0.00768441025540159
2020-07-06,"posemo",0.0764965806152661
2020-07-13,"posemo",0.0622105176275215
2020-07-20,"posemo",0.0658683086699392
2020-07-27,"posemo",0.0090601464786113
2020-08-03,"posemo",0.0243795347076217
2020-08-10,"posemo",0.024675391898221
2020-08-17,"posemo",0.0260785834553166
2020-08-24,"posemo",0.0637340608574856
2020-08-31,"posemo",0.028479889109037
2020-09-07,"posemo",0.0219850941268751
2020-09-14,"posemo",0.0412134158347134
2020-09-21,"posemo",0.0143316760917556
2020-09-28,"posemo",0.0448737556149564
2020-10-05,"posemo",0.0207558692007862
2020-10-12,"posemo",0.0248260931859681
2020-10-19,"posemo",0.0177683748511338
2020-10-26,"posemo",0.0300463408310162
2020-11-02,"posemo",0.0223878364476136
2020-11-09,"posemo",0.0311955116552886
2020-11-16,"posemo",0.0461251036491466
2020-11-23,"posemo",0.058798528306576
2020-11-30,"posemo",0.035683639712958
2020-12-07,"posemo",0.0763408599596112
2020-12-14,"posemo",0.0419199743140173
2020-12-21,"posemo",0.0224010314934185
2020-12-28,"posemo",0.0180428235735824
2021-01-04,"posemo",0.0257285772360507
2021-01-11,"posemo",0.0274851938707407
2021-01-18,"posemo",0.020894193044872
2021-01-25,"posemo",0.0301610520784515
2020-01-04,"posemo",0.03384375479387
2020-01-11,"posemo",-0.0140760417715644
2020-01-18,"posemo",0.00272947833782468
2020-01-25,"posemo",-0.0153412073618044
2020-02-01,"posemo",0.0107621828284413
2020-02-08,"posemo",-0.025136514773257
2020-02-15,"posemo",0.00631712728516145
2020-02-22,"posemo",0.00214430475399428
2020-02-29,"posemo",0.0459569670699665
2020-03-07,"posemo",0.0450252541137413
2020-03-14,"posemo",0.0296370856614232
2020-03-21,"posemo",0.0676684493808901
2020-03-28,"posemo",0.0206316219904657
2020-04-04,"posemo",0.058896429078911
2020-04-11,"posemo",0.056038452163489
2020-04-18,"posemo",0.045917551816859
2020-04-25,"posemo",0.055848567567479
2020-05-02,"posemo",0.0568277615585507
2020-05-09,"posemo",0.0353034128862988
2020-05-16,"posemo",0.0129288680055168
2020-05-23,"posemo",0.0129374292874956
2020-05-30,"posemo",0.0138403859034438
2020-06-06,"posemo",-0.000861880858397391
2020-06-13,"posemo",-0.00678344215125715
2020-06-20,"posemo",-0.00244716303254553
2020-06-27,"posemo",0.00640774183100598
2020-07-04,"posemo",0.03433211952015
2020-07-11,"posemo",0.0114433740325589
2020-07-18,"posemo",0.00656227797573511
2020-07-25,"posemo",0.028403416080208
2020-08-01,"posemo",0.0110797252386632
2020-08-08,"posemo",0.00516330073398064
2020-08-15,"posemo",0.0241063765104216
2020-08-22,"posemo",0.0164509038504144
2020-08-29,"posemo",0.0198964519589215
2020-09-05,"posemo",0.0194096504860072
2020-09-12,"posemo",0.0400957501174614
2020-09-19,"posemo",0.0102912254405523
2020-09-26,"posemo",0.0487266403058531
2020-10-03,"posemo",0.00940804546236572
2020-10-10,"posemo",0.0400718749688181
2020-10-17,"posemo",0.049496686150613
2020-10-24,"posemo",0.0433800624828399
2020-10-31,"posemo",0.00376680712721656
2020-11-07,"posemo",0.069643242015754
2020-11-14,"posemo",0.00137807266900712
2020-11-21,"posemo",0.054295699858635
2020-11-28,"posemo",0.0603851567087923
2020-12-05,"posemo",0.074891147235568
2020-12-12,"posemo",0.0637206372054653
2020-12-19,"posemo",0.0412764945845696
2020-12-26,"posemo",-0.000257234296103973
2021-01-02,"posemo",0.0463052914827431
2021-01-09,"posemo",0.0238646881130082
2021-01-16,"posemo",0.0270869273064687
2021-01-23,"posemo",0.0416121308290041
2020-01-05,"posemo",0.0107851611964647
2020-01-12,"posemo",0.00303368338263925
2020-01-19,"posemo",-0.0203587717219819
2020-01-26,"posemo",0.0104747458486646
2020-02-02,"posemo",0.00356764969370652
2020-02-09,"posemo",-0.0310202513109157
2020-02-16,"posemo",0.0239763417807648
2020-02-23,"posemo",-0.0511684752609614
2020-03-01,"posemo",0.0381872744733648
2020-03-08,"posemo",-0.00307808856533846
2020-03-15,"posemo",0.047152809897522
2020-03-22,"posemo",0.0332968345265909
2020-03-29,"posemo",0.030150574697642
2020-04-05,"posemo",0.0368365166813704
2020-04-12,"posemo",0.0974798720928711
2020-04-19,"posemo",0.027282032194026
2020-04-26,"posemo",0.0513066233795281
2020-05-03,"posemo",0.0384683264256849
2020-05-10,"posemo",0.0379174031743162
2020-05-17,"posemo",0.000402294292638393
2020-05-24,"posemo",0.0178865065533463
2020-05-31,"posemo",0.0238493749480393
2020-06-07,"posemo",-0.0115504178764896
2020-06-14,"posemo",0.0190130336203754
2020-06-21,"posemo",0.0292689058635909
2020-06-28,"posemo",-0.0227136710060256
2020-07-05,"posemo",-0.00840450304723612
2020-07-12,"posemo",0.026003709870863
2020-07-19,"posemo",0.0318139415455847
2020-07-26,"posemo",-0.00280796095330441
2020-08-02,"posemo",0.00118537481625564
2020-08-09,"posemo",-0.0115968412829576
2020-08-16,"posemo",0.00354608560328706
2020-08-23,"posemo",0.012106430000752
2020-08-30,"posemo",0.0302714961546406
2020-09-06,"posemo",0.0123885954405642
2020-09-13,"posemo",0.0305051568296925
2020-09-20,"posemo",0.00812663345037331
2020-09-27,"posemo",0.0179762810199972
2020-10-04,"posemo",0.0357068452550098
2020-10-11,"posemo",-0.00949969411782011
2020-10-18,"posemo",0.045066961813501
2020-10-25,"posemo",0.0356602417518527
2020-11-01,"posemo",0.052273816299103
2020-11-08,"posemo",0.036045876260659
2020-11-15,"posemo",0.0520291502125392
2020-11-22,"posemo",0.036820247763577
2020-11-29,"posemo",0.0666961058090776
2020-12-06,"posemo",0.0652472962849067
2020-12-13,"posemo",0.0453007271721988
2020-12-20,"posemo",0.0254765327857149
2020-12-27,"posemo",-0.00301775268771197
2021-01-03,"posemo",0.0320140839420514
2021-01-10,"posemo",0.0152166012104263
2021-01-17,"posemo",0.0149810547013054
2021-01-24,"posemo",0.00564746099333035
2020-01-02,"posemo",0.0557952851278256
2020-01-09,"posemo",0.0311929697041733
2020-01-16,"posemo",0.00798706594006159
2020-01-23,"posemo",0.0178289756082191
2020-01-30,"posemo",0.0610680210819942
2020-02-06,"posemo",0.0302093536966413
2020-02-13,"posemo",0.0195808307632622
2020-02-20,"posemo",0.0178509816808948
2020-02-27,"posemo",-0.00340338048350257
2020-03-05,"posemo",0.0222819591632944
2020-03-12,"posemo",0.0388667012633916
2020-03-19,"posemo",0.0574059746258653
2020-03-26,"posemo",0.0509121609383421
2020-04-02,"posemo",0.0425245193178007
2020-04-09,"posemo",0.03339554081363
2020-04-16,"posemo",0.0435194166172844
2020-04-23,"posemo",0.0705465750426846
2020-04-30,"posemo",0.0055519121554766
2020-05-07,"posemo",0.0358371933293593
2020-05-14,"posemo",0.024683438927381
2020-05-21,"posemo",0.0140204301651963
2020-05-28,"posemo",0.0236760102606587
2020-06-04,"posemo",-0.000822114437513873
2020-06-11,"posemo",-0.00467268982087409
2020-06-18,"posemo",0.0322734557049782
2020-06-25,"posemo",0.000829403043874819
2020-07-02,"posemo",0.0480571180553631
2020-07-09,"posemo",0.0219525863140143
2020-07-16,"posemo",0.00665066051551094
2020-07-23,"posemo",0.0213632572009377
2020-07-30,"posemo",0.0331267441255984
2020-08-06,"posemo",0.0357784244005539
2020-08-13,"posemo",-0.00523202709628086
2020-08-20,"posemo",0.0313737981668524
2020-08-27,"posemo",0.0339758682060266
2020-09-03,"posemo",0.0272811706484301
2020-09-10,"posemo",0.0263402961923988
2020-09-17,"posemo",0.00568101113219881
2020-09-24,"posemo",0.0404020839492936
2020-10-01,"posemo",0.0523620823116202
2020-10-08,"posemo",0.0495050025728523
2020-10-15,"posemo",0.0232484215509469
2020-10-22,"posemo",0.014512319704004
2020-10-29,"posemo",0.0120727006753195
2020-11-05,"posemo",0.0130214639670118
2020-11-12,"posemo",0.0534699152868247
2020-11-19,"posemo",0.0408118861261495
2020-11-26,"posemo",0.0381051010561068
2020-12-03,"posemo",0.0343684509899865
2020-12-10,"posemo",0.0596014513637615
2020-12-17,"posemo",0.0261955417199865
2020-12-24,"posemo",0.221862436775118
2020-12-31,"posemo",0.159152919241313
2021-01-07,"posemo",0.018032563489224
2021-01-14,"posemo",0.0228006943479396
2021-01-21,"posemo",0.0197808920630206
2020-01-07,"posemo",0.0048023443556286
2020-01-14,"posemo",-0.00493022700299359
2020-01-21,"posemo",0.0109374735378977
2020-01-28,"posemo",-0.0157668361916163
2020-02-04,"posemo",-0.0445965146016705
2020-02-11,"posemo",0.00131534995253038
2020-02-18,"posemo",0.0150350107607611
2020-02-25,"posemo",-0.0292170468224407
2020-03-03,"posemo",0.00604811918705465
2020-03-10,"posemo",-0.00811738115621905
2020-03-17,"posemo",0.0465368853910318
2020-03-24,"posemo",0.0436010431220131
2020-03-31,"posemo",0.0394532958243166
2020-04-07,"posemo",0.0278669280579447
2020-04-14,"posemo",0.024665511055406
2020-04-21,"posemo",0.0304789288916854
2020-04-28,"posemo",0.0200529051734995
2020-05-05,"posemo",0.0205972657548723
2020-05-12,"posemo",0.0322988645881095
2020-05-19,"posemo",0.0238612650462804
2020-05-26,"posemo",0.0216096100253604
2020-06-02,"posemo",0.00201134907862422
2020-06-09,"posemo",-0.00328606662079943
2020-06-16,"posemo",0.00745782641023723
2020-06-23,"posemo",0.0025983190771019
2020-06-30,"posemo",0.031689577755962
2020-07-07,"posemo",0.00622892706600743
2020-07-14,"posemo",0.0369345433900456
2020-07-21,"posemo",0.010370681442219
2020-07-28,"posemo",-0.0312172669764064
2020-08-04,"posemo",-0.00221583948949829
2020-08-11,"posemo",0.0168954341852484
2020-08-18,"posemo",0.0307705425095903
2020-08-25,"posemo",0.0190671993299006
2020-09-01,"posemo",0.033917777155619
2020-09-08,"posemo",0.0068059408453023
2020-09-15,"posemo",0.000498194266618422
2020-09-22,"posemo",0.0139903560437724
2020-09-29,"posemo",0.0352390718787797
2020-10-06,"posemo",0.0329609453780632
2020-10-13,"posemo",0.0089933013868619
2020-10-20,"posemo",0.0211021579907551
2020-10-27,"posemo",0.0507398518663119
2020-11-03,"posemo",0.0902155807255461
2020-11-10,"posemo",0.0616552658908352
2020-11-17,"posemo",0.038417850924304
2020-11-24,"posemo",0.0584390576842323
2020-12-01,"posemo",0.0466766332311402
2020-12-08,"posemo",0.0265354093887962
2020-12-15,"posemo",0.0415391089786009
2020-12-22,"posemo",0.0356749839884738
2020-12-29,"posemo",0.00851242168779317
2021-01-05,"posemo",0.00638150603437716
2021-01-12,"posemo",0.0143910141476015
2021-01-19,"posemo",0.0174422706571911
2021-01-26,"posemo",0.0325108027316974
2020-01-01,"posemo",0.0613964796974398
2020-01-08,"posemo",0.00906881314848267
2020-01-15,"posemo",0.00582923188949841
2020-01-22,"posemo",0.0321958632665105
2020-01-29,"posemo",0.0022240002864926
2020-02-05,"posemo",0.0191663766799946
2020-02-12,"posemo",0.00139299875590984
2020-02-19,"posemo",0.0173785922841998
2020-02-26,"posemo",0.0196098539405662
2020-03-04,"posemo",0.0100581188973199
2020-03-11,"posemo",0.00805275442782326
2020-03-18,"posemo",0.0527366083135979
2020-03-25,"posemo",0.0380497226793771
2020-04-01,"posemo",0.0442298634820545
2020-04-08,"posemo",0.074684218853581
2020-04-15,"posemo",0.0403268966219741
2020-04-22,"posemo",0.0457402094079055
2020-04-29,"posemo",0.0451964961953344
2020-05-06,"posemo",0.0436440961009526
2020-05-13,"posemo",0.0379222560705142
2020-05-20,"posemo",0.0467784327409226
2020-05-27,"posemo",0.0200577502605618
2020-06-03,"posemo",-0.0155493648492323
2020-06-10,"posemo",-0.00904232114798323
2020-06-17,"posemo",0.0138278296069057
2020-06-24,"posemo",0.011473565651167
2020-07-01,"posemo",-0.00840625767270538
2020-07-08,"posemo",0.0177575102535046
2020-07-15,"posemo",0.0126070749729427
2020-07-22,"posemo",0.00221867747041622
2020-07-29,"posemo",0.0310913083117902
2020-08-05,"posemo",0.0353231810243934
2020-08-12,"posemo",0.00925236448439645
2020-08-19,"posemo",0.057598288869578
2020-08-26,"posemo",0.0156172848775675
2020-09-02,"posemo",0.0370346241945724
2020-09-09,"posemo",-0.00194327045074767
2020-09-16,"posemo",0.0101721345916735
2020-09-23,"posemo",0.0170839461667303
2020-09-30,"posemo",0.036174307778356
2020-10-07,"posemo",0.0304566540611225
2020-10-14,"posemo",0.0322620187384471
2020-10-21,"posemo",0.0267132160057861
2020-10-28,"posemo",0.0541948522146227
2020-11-04,"posemo",0.050615476907362
2020-11-11,"posemo",0.0315200477902316
2020-11-18,"posemo",0.0359754466971815
2020-11-25,"posemo",0.0652412384728188
2020-12-02,"posemo",0.0386371060324199
2020-12-09,"posemo",0.0451508372995086
2020-12-16,"posemo",0.0455391182138351
2020-12-23,"posemo",0.0759946420281575
2020-12-30,"posemo",0.0530476691043955
2021-01-06,"posemo",0.0221970170300509
2021-01-13,"posemo",0.0334432066384866
2021-01-20,"posemo",0.0129281906595663
2020-01-03,"prosocial",0.026930501174223
2020-01-10,"prosocial",0.00127856464243475
2020-01-17,"prosocial",-0.0602117781310241
2020-01-24,"prosocial",0.0307032018984574
2020-01-31,"prosocial",-0.0393292747233946
2020-02-07,"prosocial",0.0438202883453842
2020-02-14,"prosocial",-0.0121315003004313
2020-02-21,"prosocial",0.0141377108861901
2020-02-28,"prosocial",0.0641464394755425
2020-03-06,"prosocial",0.101655660205797
2020-03-13,"prosocial",0.0739260317682692
2020-03-20,"prosocial",0.139201073104704
2020-03-27,"prosocial",0.0676056132713397
2020-04-03,"prosocial",0.0506083399850833
2020-04-10,"prosocial",0.0126725138043091
2020-04-17,"prosocial",0.0167364615825317
2020-04-24,"prosocial",0.0911158667912355
2020-05-01,"prosocial",0.00304552926528238
2020-05-08,"prosocial",0.0352587357990987
2020-05-15,"prosocial",-0.0197902858290207
2020-05-22,"prosocial",0.0180736345484378
2020-05-29,"prosocial",0.0313413042780104
2020-06-05,"prosocial",0.084308468234666
2020-06-12,"prosocial",0.00966787745619992
2020-06-19,"prosocial",0.0285068062484394
2020-06-26,"prosocial",-0.0108553837045612
2020-07-03,"prosocial",0.0119214255174831
2020-07-10,"prosocial",-0.0429174889146172
2020-07-17,"prosocial",0.00870889926222368
2020-07-24,"prosocial",0.000978670504589954
2020-07-31,"prosocial",-0.0560478117897239
2020-08-07,"prosocial",-0.0421947655118637
2020-08-14,"prosocial",-0.0437948949228482
2020-08-21,"prosocial",-0.0467349374504567
2020-08-28,"prosocial",-0.0291226358937383
2020-09-04,"prosocial",-0.0716584903813093
2020-09-11,"prosocial",0.0504976644573135
2020-09-18,"prosocial",-0.0180426564365414
2020-09-25,"prosocial",0.0214935548344299
2020-10-02,"prosocial",-0.0404161037452646
2020-10-09,"prosocial",0.0226835398154519
2020-10-16,"prosocial",0.000593616907572658
2020-10-23,"prosocial",-0.00249675179727211
2020-10-30,"prosocial",0.0549527876140923
2020-11-06,"prosocial",0.000730187197398209
2020-11-13,"prosocial",0.101907718511644
2020-11-20,"prosocial",0.0398870341586916
2020-11-27,"prosocial",0.0598913077421631
2020-12-04,"prosocial",0.0207424925722217
2020-12-11,"prosocial",0.0556165160844852
2020-12-18,"prosocial",0.0252158824988566
2020-12-25,"prosocial",-0.0671528654939528
2021-01-01,"prosocial",-0.101622104641479
2021-01-08,"prosocial",0.00697856608598081
2021-01-15,"prosocial",0.0121061970371086
2021-01-22,"prosocial",0.0335019066894696
2020-01-06,"prosocial",-0.00989881103001699
2020-01-13,"prosocial",0.0100345930825051
2020-01-20,"prosocial",0.00220548903330664
2020-01-27,"prosocial",0.00861681974742293
2020-02-03,"prosocial",-0.0325565796018182
2020-02-10,"prosocial",-0.0771077625090555
2020-02-17,"prosocial",-0.0218176793722937
2020-02-24,"prosocial",-0.0370546524642313
2020-03-02,"prosocial",0.159904589050031
2020-03-09,"prosocial",0.0409555500052236
2020-03-16,"prosocial",0.0762385584968054
2020-03-23,"prosocial",0.0529623714394822
2020-03-30,"prosocial",0.0871286674668476
2020-04-06,"prosocial",0.06132331426291
2020-04-13,"prosocial",0.00710480712432968
2020-04-20,"prosocial",0.0234618908644589
2020-04-27,"prosocial",0.161080246223223
2020-05-04,"prosocial",-0.000632881287336157
2020-05-11,"prosocial",-0.0194281637653596
2020-05-18,"prosocial",0.0796171983430725
2020-05-25,"prosocial",-0.0303379643439499
2020-06-01,"prosocial",0.0535518544965399
2020-06-08,"prosocial",0.012565366291777
2020-06-15,"prosocial",0.0189416008281054
2020-06-22,"prosocial",0.0109601332512967
2020-06-29,"prosocial",0.0214276313957121
2020-07-06,"prosocial",-0.0417835861155019
2020-07-13,"prosocial",-0.0398686795251638
2020-07-20,"prosocial",-0.0261064995833069
2020-07-27,"prosocial",-0.0635841861178858
2020-08-03,"prosocial",-0.101520603029691
2020-08-10,"prosocial",-0.108021796517448
2020-08-17,"prosocial",-0.0542893662403602
2020-08-24,"prosocial",-0.0206768800188801
2020-08-31,"prosocial",-0.0279851602244919
2020-09-07,"prosocial",-0.0134620262747413
2020-09-14,"prosocial",0.0615253847035953
2020-09-21,"prosocial",-0.0171138087166483
2020-09-28,"prosocial",-0.0131560056420951
2020-10-05,"prosocial",-0.000811994379588691
2020-10-12,"prosocial",-0.0404536377196758
2020-10-19,"prosocial",0.0425780337548722
2020-10-26,"prosocial",-0.0352947935233802
2020-11-02,"prosocial",0.054138621656635
2020-11-09,"prosocial",0.0459998722906005
2020-11-16,"prosocial",0.0649522450816582
2020-11-23,"prosocial",0.0190721485943167
2020-11-30,"prosocial",0.0108759368246177
2020-12-07,"prosocial",0.0779078032447848
2020-12-14,"prosocial",0.076717619679179
2020-12-21,"prosocial",0.0233061676756578
2020-12-28,"prosocial",-0.040606311774622
2021-01-04,"prosocial",-0.012458063511533
2021-01-11,"prosocial",0.00410264923885399
2021-01-18,"prosocial",-0.00074359620404866
2021-01-25,"prosocial",0.0169266531397617
2020-01-04,"prosocial",0.0512942344712939
2020-01-11,"prosocial",-0.020969933573564
2020-01-18,"prosocial",-0.0336564227824891
2020-01-25,"prosocial",0.0395968049338507
2020-02-01,"prosocial",-0.0657340112417815
2020-02-08,"prosocial",-0.0167358574427644
2020-02-15,"prosocial",-0.0392899111991659
2020-02-22,"prosocial",0.0365228366385746
2020-02-29,"prosocial",0.0950801536413941
2020-03-07,"prosocial",0.0607737035162036
2020-03-14,"prosocial",0.179972335328385
2020-03-21,"prosocial",0.126143184081822
2020-03-28,"prosocial",0.0863886743804304
2020-04-04,"prosocial",0.146774635568262
2020-04-11,"prosocial",0.0357781580105143
2020-04-18,"prosocial",0.0375549893832863
2020-04-25,"prosocial",0.0622095709641381
2020-05-02,"prosocial",0.0491045660321854
2020-05-09,"prosocial",0.00047873798780867
2020-05-16,"prosocial",0.00163037122562816
2020-05-23,"prosocial",-0.0448147781174981
2020-05-30,"prosocial",-0.0229614632213483
2020-06-06,"prosocial",0.0225534142031799
2020-06-13,"prosocial",0.0139971988738559
2020-06-20,"prosocial",0.00992865328605027
2020-06-27,"prosocial",-0.0628560114204734
2020-07-04,"prosocial",-0.0769142999550131
2020-07-11,"prosocial",-0.0242027215048756
2020-07-18,"prosocial",-0.0499073717912924
2020-07-25,"prosocial",-0.0160526916686014
2020-08-01,"prosocial",0.00474121807853055
2020-08-08,"prosocial",-0.0338604902373086
2020-08-15,"prosocial",-0.0629212440245439
2020-08-22,"prosocial",-0.0190570602778566
2020-08-29,"prosocial",-0.0198230763266689
2020-09-05,"prosocial",-0.0196892243725542
2020-09-12,"prosocial",0.158030267036896
2020-09-19,"prosocial",-0.0349122987980569
2020-09-26,"prosocial",0.0467574878165178
2020-10-03,"prosocial",-0.0182985096233358
2020-10-10,"prosocial",0.0024807223770279
2020-10-17,"prosocial",0.0741099017268392
2020-10-24,"prosocial",0.0700148648234185
2020-10-31,"prosocial",0.0374673803548077
2020-11-07,"prosocial",0.0582956353939275
2020-11-14,"prosocial",0.0746655034195833
2020-11-21,"prosocial",0.00423255696164065
2020-11-28,"prosocial",0.0754264771529443
2020-12-05,"prosocial",0.105046882017463
2020-12-12,"prosocial",0.115511900490988
2020-12-19,"prosocial",0.0580304300304509
2020-12-26,"prosocial",-0.0276732520956512
2021-01-02,"prosocial",0.0247614106529876
2021-01-09,"prosocial",0.045020892264716
2021-01-16,"prosocial",0.0207677381955246
2021-01-23,"prosocial",0.0866490383126251
2020-01-05,"prosocial",0.0403751081891018
2020-01-12,"prosocial",-0.0226097703048929
2020-01-19,"prosocial",-0.0313732436259002
2020-01-26,"prosocial",0.00801273228287818
2020-02-02,"prosocial",-0.0827975892423824
2020-02-09,"prosocial",-0.0133843525688031
2020-02-16,"prosocial",0.018970525443228
2020-02-23,"prosocial",-0.0503795875126552
2020-03-01,"prosocial",0.108965858694408
2020-03-08,"prosocial",0.12500429858614
2020-03-15,"prosocial",0.150612619099818
2020-03-22,"prosocial",0.0820817746013182
2020-03-29,"prosocial",0.100538233794339
2020-04-05,"prosocial",0.0637487856793786
2020-04-12,"prosocial",0.00827363996725197
2020-04-19,"prosocial",0.0146926480990514
2020-04-26,"prosocial",0.0579999646106885
2020-05-03,"prosocial",0.0176534855655077
2020-05-10,"prosocial",0.0091451168959142
2020-05-17,"prosocial",0.0676813142954435
2020-05-24,"prosocial",0.00195549901807776
2020-05-31,"prosocial",0.0430755617372197
2020-06-07,"prosocial",-0.0329793110299563
2020-06-14,"prosocial",0.00648365750810995
2020-06-21,"prosocial",0.0451528127762413
2020-06-28,"prosocial",-0.0839731458765945
2020-07-05,"prosocial",-0.0848210128221082
2020-07-12,"prosocial",-0.0703376446156532
2020-07-19,"prosocial",-0.0132736485053314
2020-07-26,"prosocial",-0.0545936548083486
2020-08-02,"prosocial",-0.0013810860048304
2020-08-09,"prosocial",-0.0707661576665781
2020-08-16,"prosocial",-0.0320964606040241
2020-08-23,"prosocial",-0.005129231404708
2020-08-30,"prosocial",-0.0369394631725175
2020-09-06,"prosocial",0.0335015226147063
2020-09-13,"prosocial",0.133450001351998
2020-09-20,"prosocial",-0.0552683425597441
2020-09-27,"prosocial",0.00714175472019873
2020-10-04,"prosocial",-0.0505104325091719
2020-10-11,"prosocial",-0.11854976094357
2020-10-18,"prosocial",0.0368762836340339
2020-10-25,"prosocial",0.0252392707035248
2020-11-01,"prosocial",0.0893761678038442
2020-11-08,"prosocial",0.0393256814373121
2020-11-15,"prosocial",0.119438693991157
2020-11-22,"prosocial",-0.031580773646216
2020-11-29,"prosocial",0.0366584208407197
2020-12-06,"prosocial",0.0855181266721313
2020-12-13,"prosocial",0.117049507027682
2020-12-20,"prosocial",0.0100331507786508
2020-12-27,"prosocial",-0.0144507452237149
2021-01-03,"prosocial",0.0302844809337561
2021-01-10,"prosocial",0.0100803873506195
2021-01-17,"prosocial",0.100830732910643
2021-01-24,"prosocial",-0.00141657615538066
2020-01-02,"prosocial",0.0228767120724276
2020-01-09,"prosocial",0.0336585043298144
2020-01-16,"prosocial",0.0203823732155355
2020-01-23,"prosocial",0.0193830535927436
2020-01-30,"prosocial",0.0179006841363599
2020-02-06,"prosocial",0.0444136820344638
2020-02-13,"prosocial",-0.0170987509986401
2020-02-20,"prosocial",0.0724899654956846
2020-02-27,"prosocial",-0.0250782735253684
2020-03-05,"prosocial",0.0335144573181116
2020-03-12,"prosocial",0.118698211272198
2020-03-19,"prosocial",0.115890245691908
2020-03-26,"prosocial",0.0649131219385058
2020-04-02,"prosocial",0.0950693369049734
2020-04-09,"prosocial",0.0642168457346873
2020-04-16,"prosocial",0.0598370325413946
2020-04-23,"prosocial",0.0768529824231507
2020-04-30,"prosocial",0.0384954566250993
2020-05-07,"prosocial",0.0476427141033548
2020-05-14,"prosocial",0.0543449159485864
2020-05-21,"prosocial",-0.0196464170822579
2020-05-28,"prosocial",-0.0285809966696745
2020-06-04,"prosocial",0.0501953495060186
2020-06-11,"prosocial",-0.0131602666767281
2020-06-18,"prosocial",0.0220782332044683
2020-06-25,"prosocial",-0.0555668415585384
2020-07-02,"prosocial",0.0210720744597357
2020-07-09,"prosocial",-0.0147974323864928
2020-07-16,"prosocial",-0.0885471595771705
2020-07-23,"prosocial",-0.00884802812584845
2020-07-30,"prosocial",0.0353378479622906
2020-08-06,"prosocial",0.0296009467097134
2020-08-13,"prosocial",-0.0523265188572724
2020-08-20,"prosocial",-0.022723975803771
2020-08-27,"prosocial",-0.0258841419264901
2020-09-03,"prosocial",-0.0443829191381988
2020-09-10,"prosocial",0.109017336978397
2020-09-17,"prosocial",-0.0196041559082988
2020-09-24,"prosocial",0.0345854672896583
2020-10-01,"prosocial",-0.0359659224841812
2020-10-08,"prosocial",0.0213318029459549
2020-10-15,"prosocial",-0.0270570413941221
2020-10-22,"prosocial",-0.00994055646032111
2020-10-29,"prosocial",0.0275468672519673
2020-11-05,"prosocial",-0.00269486520995886
2020-11-12,"prosocial",0.0452673488209899
2020-11-19,"prosocial",0.031336392792788
2020-11-26,"prosocial",0.0404759018978331
2020-12-03,"prosocial",0.0203103412256902
2020-12-10,"prosocial",0.053920633553575
2020-12-17,"prosocial",0.0277567892662106
2020-12-24,"prosocial",-0.0623168787983477
2020-12-31,"prosocial",-0.101194806489621
2021-01-07,"prosocial",0.000972130494980384
2021-01-14,"prosocial",0.0108282913760204
2021-01-21,"prosocial",0.00419791156068096
2020-01-07,"prosocial",-0.0458540978075292
2020-01-14,"prosocial",-0.000206728675891672
2020-01-21,"prosocial",-0.00698226562015749
2020-01-28,"prosocial",-0.0470108745394855
2020-02-04,"prosocial",-0.0261050561455577
2020-02-11,"prosocial",0.0106961338042838
2020-02-18,"prosocial",-0.0132768186777542
2020-02-25,"prosocial",-0.0564226894341321
2020-03-03,"prosocial",0.104694700188205
2020-03-10,"prosocial",0.0295625463525338
2020-03-17,"prosocial",0.064408944536258
2020-03-24,"prosocial",0.0662020125082175
2020-03-31,"prosocial",0.0662099948588695
2020-04-07,"prosocial",0.0531518288817032
2020-04-14,"prosocial",0.0335540427956542
2020-04-21,"prosocial",0.0216514793146226
2020-04-28,"prosocial",0.0329930790950722
2020-05-05,"prosocial",0.0373720681801709
2020-05-12,"prosocial",0.0078605140951651
2020-05-19,"prosocial",0.0393435294972851
2020-05-26,"prosocial",-0.0243857758374212
2020-06-02,"prosocial",0.0186002273536422
2020-06-09,"prosocial",-0.0267992610198437
2020-06-16,"prosocial",-0.0103532358492789
2020-06-23,"prosocial",-0.0683294335995211
2020-06-30,"prosocial",0.0533719592259262
2020-07-07,"prosocial",-0.00312883631410644
2020-07-14,"prosocial",-0.063947343429918
2020-07-21,"prosocial",-0.0870531902850466
2020-07-28,"prosocial",-0.090179905995044
2020-08-04,"prosocial",-0.0304712984588534
2020-08-11,"prosocial",-0.041905543729072
2020-08-18,"prosocial",0.0101876541725085
2020-08-25,"prosocial",-0.04262580565535
2020-09-01,"prosocial",-0.0244106290435782
2020-09-08,"prosocial",-0.0488172553466908
2020-09-15,"prosocial",0.0148255907204771
2020-09-22,"prosocial",-0.0207882219309139
2020-09-29,"prosocial",-0.0123228114011827
2020-10-06,"prosocial",0.0411971547255429
2020-10-13,"prosocial",-0.048234579391203
2020-10-20,"prosocial",0.0254268006599692
2020-10-27,"prosocial",0.0183466394455845
2020-11-03,"prosocial",0.274484184429553
2020-11-10,"prosocial",0.0694157522667342
2020-11-17,"prosocial",0.013602624500787
2020-11-24,"prosocial",-0.0020325967787027
2020-12-01,"prosocial",-0.00412173131429363
2020-12-08,"prosocial",-0.00222511611984159
2020-12-15,"prosocial",0.0413329846910446
2020-12-22,"prosocial",0.0643626807784145
2020-12-29,"prosocial",-0.05429985020405
2021-01-05,"prosocial",-0.0318052208426409
2021-01-12,"prosocial",0.00182933807750273
2021-01-19,"prosocial",0.0357762117552179
2021-01-26,"prosocial",0.001837483658709
2020-01-01,"prosocial",-0.145120407357652
2020-01-08,"prosocial",-0.0154592385943399
2020-01-15,"prosocial",0.0333757617888356
2020-01-22,"prosocial",0.0439093557113799
2020-01-29,"prosocial",-0.0169555277749729
2020-02-05,"prosocial",-0.00870349431051049
2020-02-12,"prosocial",-0.0202659906505222
2020-02-19,"prosocial",0.0783822952329023
2020-02-26,"prosocial",0.0122603454908922
2020-03-04,"prosocial",0.0896838451966576
2020-03-11,"prosocial",0.0640039635009107
2020-03-18,"prosocial",0.11494498922662
2020-03-25,"prosocial",0.057054561683795
2020-04-01,"prosocial",0.0600978076077719
2020-04-08,"prosocial",0.0398170060715076
2020-04-15,"prosocial",0.0586273165987811
2020-04-22,"prosocial",0.0829430477651522
2020-04-29,"prosocial",0.0817773738039614
2020-05-06,"prosocial",0.0402747406561654
2020-05-13,"prosocial",0.0174007033289878
2020-05-20,"prosocial",0.0448975043503889
2020-05-27,"prosocial",0.00318792953712097
2020-06-03,"prosocial",0.0165387402035247
2020-06-10,"prosocial",-0.0518936977053252
2020-06-17,"prosocial",-0.0080156989197145
2020-06-24,"prosocial",-0.0534900421803708
2020-07-01,"prosocial",-0.0261063859297667
2020-07-08,"prosocial",-0.0165577579934349
2020-07-15,"prosocial",-0.0666728709554704
2020-07-22,"prosocial",-0.0476450505421402
2020-07-29,"prosocial",0.00956747066767871
2020-08-05,"prosocial",0.0164359144723466
2020-08-12,"prosocial",-0.0156887483063663
2020-08-19,"prosocial",0.0219010368581418
2020-08-26,"prosocial",-0.0524270458168826
2020-09-02,"prosocial",-0.0232068738671088
2020-09-09,"prosocial",0.156330663589258
2020-09-16,"prosocial",-0.0210147000037591
2020-09-23,"prosocial",0.071036549710183
2020-09-30,"prosocial",0.0253402717247037
2020-10-07,"prosocial",0.0629477573432618
2020-10-14,"prosocial",0.0200719999333247
2020-10-21,"prosocial",0.0320688763029082
2020-10-28,"prosocial",-0.000486750402733183
2020-11-04,"prosocial",0.0496501595881814
2020-11-11,"prosocial",0.0515135067271014
2020-11-18,"prosocial",-0.00144575445198507
2020-11-25,"prosocial",0.0692536254393078
2020-12-02,"prosocial",0.0214146891552376
2020-12-09,"prosocial",0.0479088565423829
2020-12-16,"prosocial",0.0722561780336972
2020-12-23,"prosocial",0.0985094339948927
2020-12-30,"prosocial",-0.0211966876513529
2021-01-06,"prosocial",-0.0130013970441333
2021-01-13,"prosocial",0.0436641256324327
2021-01-20,"prosocial",0.0202656476726242
2020-01-03,"sadness",0.193576763744652
2020-01-10,"sadness",-0.0936418625373263
2020-01-17,"sadness",-0.0829563338002102
2020-01-24,"sadness",-0.0354592797991174
2020-01-31,"sadness",0.046803253836512
2020-02-07,"sadness",-0.0304491968625889
2020-02-14,"sadness",0.0167065272950883
2020-02-21,"sadness",0.0333464032531149
2020-02-28,"sadness",-0.0833797779505195
2020-03-06,"sadness",0.0443523475920709
2020-03-13,"sadness",-0.0911160647978601
2020-03-20,"sadness",0.0987430413175104
2020-03-27,"sadness",0.0877046902751161
2020-04-03,"sadness",0.0791801811564985
2020-04-10,"sadness",0.0616404668954274
2020-04-17,"sadness",0.0477391005753697
2020-04-24,"sadness",-0.00497526146384717
2020-05-01,"sadness",-0.0067800408701163
2020-05-08,"sadness",0.0423844821688193
2020-05-15,"sadness",0.14823943982951
2020-05-22,"sadness",-0.00704127846007343
2020-05-29,"sadness",0.170435798960733
2020-06-05,"sadness",0.020158699062577
2020-06-12,"sadness",-0.00595155580670038
2020-06-19,"sadness",-0.00413629550566482
2020-06-26,"sadness",0.0316379261173207
2020-07-03,"sadness",-0.0779371317683647
2020-07-10,"sadness",-0.0763031627192315
2020-07-17,"sadness",0.0352908933780823
2020-07-24,"sadness",-0.0359290280440353
2020-07-31,"sadness",-0.0631428832770309
2020-08-07,"sadness",-0.0854936651427916
2020-08-14,"sadness",-0.0248408263631207
2020-08-21,"sadness",-0.00237352705071308
2020-08-28,"sadness",0.0705173781633352
2020-09-04,"sadness",-0.0893923548235616
2020-09-11,"sadness",0.0466310740343711
2020-09-18,"sadness",0.0598171374548125
2020-09-25,"sadness",0.0112106450818537
2020-10-02,"sadness",-0.0347400561292688
2020-10-09,"sadness",-0.0327799583009802
2020-10-16,"sadness",0.00572076535932508
2020-10-23,"sadness",0.029861982912091
2020-10-30,"sadness",0.0629817801672352
2020-11-06,"sadness",0.141189268799577
2020-11-13,"sadness",0.231164658864262
2020-11-20,"sadness",0.135207042851292
2020-11-27,"sadness",0.106422604443449
2020-12-04,"sadness",0.0280632760969188
2020-12-11,"sadness",0.130350086236405
2020-12-18,"sadness",0.0966613520401812
2020-12-25,"sadness",0.0562492850976993
2021-01-01,"sadness",-0.0178816444112303
2021-01-08,"sadness",0.117502155619662
2021-01-15,"sadness",0.0407074880924478
2021-01-22,"sadness",0.0693590691896453
2020-01-06,"sadness",-0.0222467066249421
2020-01-13,"sadness",-0.0662036638467167
2020-01-20,"sadness",-0.0376561105767417
2020-01-27,"sadness",0.0921591139969431
2020-02-03,"sadness",-0.0240011299145093
2020-02-10,"sadness",-0.122345763445018
2020-02-17,"sadness",0.0494371240900911
2020-02-24,"sadness",0.0030020227526899
2020-03-02,"sadness",0.0528722065037957
2020-03-09,"sadness",-0.0532979569743727
2020-03-16,"sadness",0.0449777867842584
2020-03-23,"sadness",0.0798542931776572
2020-03-30,"sadness",0.00807118294378507
2020-04-06,"sadness",0.0656741454753222
2020-04-13,"sadness",0.10034462666911
2020-04-20,"sadness",0.0551401854373993
2020-04-27,"sadness",0.0621494477321289
2020-05-04,"sadness",-0.00740684814329796
2020-05-11,"sadness",-0.0266451592069323
2020-05-18,"sadness",-0.0181622928000702
2020-05-25,"sadness",-0.00238988924190111
2020-06-01,"sadness",-0.0103942030938682
2020-06-08,"sadness",-0.00659901505291235
2020-06-15,"sadness",-0.028004979097294
2020-06-22,"sadness",-0.0354257153439508
2020-06-29,"sadness",-0.0848559125470943
2020-07-06,"sadness",-0.0494834393507398
2020-07-13,"sadness",-0.0576783090023243
2020-07-20,"sadness",-0.00112294715544009
2020-07-27,"sadness",-0.0670685208440005
2020-08-03,"sadness",0.0194725905292169
2020-08-10,"sadness",-0.0879001325675654
2020-08-17,"sadness",0.0262455422736638
2020-08-24,"sadness",-0.0486789531132236
2020-08-31,"sadness",-0.0158234729440877
2020-09-07,"sadness",0.0618074017816576
2020-09-14,"sadness",-0.0420751980148362
2020-09-21,"sadness",-0.0041431353794967
2020-09-28,"sadness",-0.031211658340577
2020-10-05,"sadness",-0.0536969481032648
2020-10-12,"sadness",0.121046234347559
2020-10-19,"sadness",-0.0306344129988865
2020-10-26,"sadness",0.0143553520001942
2020-11-02,"sadness",-0.0260771547742893
2020-11-09,"sadness",0.0455127870606363
2020-11-16,"sadness",0.111677692242558
2020-11-23,"sadness",0.0902862153996131
2020-11-30,"sadness",0.0429211955804062
2020-12-07,"sadness",0.0407189024942358
2020-12-14,"sadness",0.0619192407476715
2020-12-21,"sadness",0.0258826488719368
2020-12-28,"sadness",-0.00789419327659201
2021-01-04,"sadness",0.101789090643896
2021-01-11,"sadness",0.0119418511821217
2021-01-18,"sadness",0.0379698304270848
2021-01-25,"sadness",0.0344282770036585
2020-01-04,"sadness",0.04856887839846
2020-01-11,"sadness",0.033280403892126
2020-01-18,"sadness",0.00421156911385734
2020-01-25,"sadness",0.0795204464295767
2020-02-01,"sadness",-0.0210928910251261
2020-02-08,"sadness",0.000826654775566302
2020-02-15,"sadness",-0.0951727906950622
2020-02-22,"sadness",-0.0466928866958862
2020-02-29,"sadness",0.0258017890136237
2020-03-07,"sadness",0.00250775124316829
2020-03-14,"sadness",0.0377014020145124
2020-03-21,"sadness",0.117821946338348
2020-03-28,"sadness",0.153865775343001
2020-04-04,"sadness",0.139834027379594
2020-04-11,"sadness",0.0763795552640141
2020-04-18,"sadness",0.00532067220022927
2020-04-25,"sadness",0.0639663936957831
2020-05-02,"sadness",0.00670649038461977
2020-05-09,"sadness",0.0349933626697425
2020-05-16,"sadness",0.045171084076416
2020-05-23,"sadness",-0.0404986598280091
2020-05-30,"sadness",0.191953307042878
2020-06-06,"sadness",-0.0186807858490727
2020-06-13,"sadness",-0.0131713093597131
2020-06-20,"sadness",0.025071883539223
2020-06-27,"sadness",-0.0563542735517688
2020-07-04,"sadness",-0.126899102352425
2020-07-11,"sadness",0.0218651599125077
2020-07-18,"sadness",0.0395067559641679
2020-07-25,"sadness",0.0332374886753179
2020-08-01,"sadness",-0.0340970098043171
2020-08-08,"sadness",-0.0156500473689244
2020-08-15,"sadness",-0.0175099083009547
2020-08-22,"sadness",-0.0184523294111653
2020-08-29,"sadness",0.0363950046870008
2020-09-05,"sadness",0.0178172631739098
2020-09-12,"sadness",0.130375934618512
2020-09-19,"sadness",0.0749644643772285
2020-09-26,"sadness",0.0390591284568055
2020-10-03,"sadness",-0.0153199180013593
2020-10-10,"sadness",0.0617663595443991
2020-10-17,"sadness",0.0421183332644566
2020-10-24,"sadness",0.0467430160916399
2020-10-31,"sadness",0.110878107318314
2020-11-07,"sadness",0.19563413679577
2020-11-14,"sadness",0.171412660480468
2020-11-21,"sadness",0.133461919763593
2020-11-28,"sadness",0.0478713046205209
2020-12-05,"sadness",0.101422520975472
2020-12-12,"sadness",0.170058893350468
2020-12-19,"sadness",0.151202317599284
2020-12-26,"sadness",0.186725400605759
2021-01-02,"sadness",0.0819171090749209
2021-01-09,"sadness",0.149244197834999
2021-01-16,"sadness",0.00192673363112467
2021-01-23,"sadness",0.154691329956842
2020-01-05,"sadness",0.0123173639365837
2020-01-12,"sadness",-0.0634155121462566
2020-01-19,"sadness",-0.0175135800305069
2020-01-26,"sadness",-0.0367532662684902
2020-02-02,"sadness",0.00759678714640285
2020-02-09,"sadness",-0.0935524291373821
2020-02-16,"sadness",0.0273993059061498
2020-02-23,"sadness",-0.0879536958130163
2020-03-01,"sadness",0.0950725760450893
2020-03-08,"sadness",-0.0201136467264892
2020-03-15,"sadness",0.0565401642877638
2020-03-22,"sadness",0.0532561590886923
2020-03-29,"sadness",0.0881316807281104
2020-04-05,"sadness",0.123003292768678
2020-04-12,"sadness",0.0349381640035801
2020-04-19,"sadness",-0.00395031643401738
2020-04-26,"sadness",0.00521520041122084
2020-05-03,"sadness",-0.0571433475139305
2020-05-10,"sadness",0.0765916561047183
2020-05-17,"sadness",-0.0119761527681927
2020-05-24,"sadness",0.0258290322970592
2020-05-31,"sadness",0.105820805284117
2020-06-07,"sadness",-0.00321533361269942
2020-06-14,"sadness",0.0555109516903739
2020-06-21,"sadness",0.0051223916010844
2020-06-28,"sadness",-0.0386433754430752
2020-07-05,"sadness",-0.121079771228112
2020-07-12,"sadness",-0.0909373672705018
2020-07-19,"sadness",-0.00400013536703307
2020-07-26,"sadness",-0.116035895795409
2020-08-02,"sadness",-0.0285334215469213
2020-08-09,"sadness",-0.118502625624836
2020-08-16,"sadness",-0.0259862970408793
2020-08-23,"sadness",0.0313244456810387
2020-08-30,"sadness",0.00129653625879834
2020-09-06,"sadness",-0.0200355482388672
2020-09-13,"sadness",0.10493251378143
2020-09-20,"sadness",0.00454304036030984
2020-09-27,"sadness",0.0103676982152419
2020-10-04,"sadness",-0.0877682791876904
2020-10-11,"sadness",-0.0223460432929688
2020-10-18,"sadness",0.0185053952682729
2020-10-25,"sadness",0.0285645327268865
2020-11-01,"sadness",0.0878917009793385
2020-11-08,"sadness",0.137639330404036
2020-11-15,"sadness",0.188994563845144
2020-11-22,"sadness",0.0866855405466855
2020-11-29,"sadness",0.0491481336029994
2020-12-06,"sadness",0.0419239160023579
2020-12-13,"sadness",0.160355350948602
2020-12-20,"sadness",0.004345961720633
2020-12-27,"sadness",-0.0220114320507773
2021-01-03,"sadness",0.143103428029209
2021-01-10,"sadness",0.0386333889645544
2021-01-17,"sadness",0.066537274995456
2021-01-24,"sadness",0.00505112945326905
2020-01-02,"sadness",-0.0438014356564136
2020-01-09,"sadness",-0.0382398521598848
2020-01-16,"sadness",0.0172576993828706
2020-01-23,"sadness",-0.00914821114909456
2020-01-30,"sadness",0.00830256822829041
2020-02-06,"sadness",0.0304123892904902
2020-02-13,"sadness",0.0270937998481923
2020-02-20,"sadness",0.0420794427407404
2020-02-27,"sadness",-0.0710870098913517
2020-03-05,"sadness",-0.0388788079744936
2020-03-12,"sadness",-0.0303028829774681
2020-03-19,"sadness",0.0708860740427801
2020-03-26,"sadness",0.0745845229748105
2020-04-02,"sadness",0.147127706427566
2020-04-09,"sadness",0.054118767377425
2020-04-16,"sadness",0.0482480480188698
2020-04-23,"sadness",0.0286242562817284
2020-04-30,"sadness",0.022507063828686
2020-05-07,"sadness",0.0299939903822497
2020-05-14,"sadness",0.125658039681292
2020-05-21,"sadness",-0.008538863339877
2020-05-28,"sadness",0.114375953556573
2020-06-04,"sadness",0.028711729902227
2020-06-11,"sadness",0.0531221347423154
2020-06-18,"sadness",-0.0331359850348531
2020-06-25,"sadness",0.0327304318184138
2020-07-02,"sadness",-0.0245681661333384
2020-07-09,"sadness",-0.0483261125002228
2020-07-16,"sadness",-0.0285208951991295
2020-07-23,"sadness",0.141742282494841
2020-07-30,"sadness",0.0637445556626563
2020-08-06,"sadness",0.031370719595869
2020-08-13,"sadness",-0.0369060711094114
2020-08-20,"sadness",0.0353282686129077
2020-08-27,"sadness",-0.0161146779728043
2020-09-03,"sadness",-0.00711252359828565
2020-09-10,"sadness",0.125051395595059
2020-09-17,"sadness",0.0452140318743905
2020-09-24,"sadness",-0.00477759792237655
2020-10-01,"sadness",-0.0296489256996768
2020-10-08,"sadness",0.0164632420087563
2020-10-15,"sadness",0.0121098119244355
2020-10-22,"sadness",0.0421276757009246
2020-10-29,"sadness",0.0857237964965896
2020-11-05,"sadness",0.141560142475877
2020-11-12,"sadness",0.0903882470209064
2020-11-19,"sadness",0.128682634765137
2020-11-26,"sadness",0.125907230573373
2020-12-03,"sadness",0.115548472836332
2020-12-10,"sadness",0.1530867259071
2020-12-17,"sadness",0.0951162677877351
2020-12-24,"sadness",-0.0755295697709685
2020-12-31,"sadness",0.0068743962621294
2021-01-07,"sadness",0.0214725561490998
2021-01-14,"sadness",0.0747721744868605
2021-01-21,"sadness",0.0271474532712519
2020-01-07,"sadness",-0.0211768541002216
2020-01-14,"sadness",-0.0723192660242944
2020-01-21,"sadness",0.0130627100323195
2020-01-28,"sadness",-0.0397175808028944
2020-02-04,"sadness",-0.0154651326560476
2020-02-11,"sadness",-0.00111816732984648
2020-02-18,"sadness",0.0185997749404718
2020-02-25,"sadness",-0.066348566015294
2020-03-03,"sadness",0.210677931912286
2020-03-10,"sadness",-0.0777175837028379
2020-03-17,"sadness",0.0705853192512528
2020-03-24,"sadness",0.163572919663416
2020-03-31,"sadness",0.0233923694199092
2020-04-07,"sadness",0.0761179363890294
2020-04-14,"sadness",-0.0056852696668093
2020-04-21,"sadness",-0.0202668525653948
2020-04-28,"sadness",0.0182959016193842
2020-05-05,"sadness",0.0257843826694797
2020-05-12,"sadness",0.0221116745816122
2020-05-19,"sadness",-0.00798091555305885
2020-05-26,"sadness",-0.0130625457351994
2020-06-02,"sadness",-0.0146447112086049
2020-06-09,"sadness",-0.0498334230419479
2020-06-16,"sadness",-0.0457650373898938
2020-06-23,"sadness",-0.13955911895669
2020-06-30,"sadness",-0.0456746185650028
2020-07-07,"sadness",-0.0642293275108922
2020-07-14,"sadness",-0.143252672002097
2020-07-21,"sadness",-0.0364518612195368
2020-07-28,"sadness",0.0228187946498566
2020-08-04,"sadness",0.187183951005845
2020-08-11,"sadness",0.0313880964813703
2020-08-18,"sadness",0.118206582798455
2020-08-25,"sadness",0.020481803801204
2020-09-01,"sadness",-0.0555293010424538
2020-09-08,"sadness",0.108441590317791
2020-09-15,"sadness",-0.0200827349060529
2020-09-22,"sadness",0.0415592461578117
2020-09-29,"sadness",0.0271485958210824
2020-10-06,"sadness",-0.0590829831791097
2020-10-13,"sadness",-0.0188271759146108
2020-10-20,"sadness",-0.0134887543803072
2020-10-27,"sadness",0.0571253861268652
2020-11-03,"sadness",0.162100738221536
2020-11-10,"sadness",0.138116716388828
2020-11-17,"sadness",0.0989030759061267
2020-11-24,"sadness",0.0415171727756807
2020-12-01,"sadness",0.0439677967184806
2020-12-08,"sadness",0.132892099308105
2020-12-15,"sadness",0.0672247091799651
2020-12-22,"sadness",0.143467866294901
2020-12-29,"sadness",0.0410501929857278
2021-01-05,"sadness",0.176787786391449
2021-01-12,"sadness",0.013587055675256
2021-01-19,"sadness",0.0556358136175353
2021-01-26,"sadness",0.0564571632851172
2020-01-01,"sadness",-0.167856764280144
2020-01-08,"sadness",-0.0428435143426792
2020-01-15,"sadness",-0.062012714642964
2020-01-22,"sadness",0.0386257009204876
2020-01-29,"sadness",-0.0202971257585438
2020-02-05,"sadness",-0.0186317954109605
2020-02-12,"sadness",0.0322227399729055
2020-02-19,"sadness",0.0571879102889393
2020-02-26,"sadness",-0.0905478715140726
2020-03-04,"sadness",0.0332594648834601
2020-03-11,"sadness",-0.00439687623975425
2020-03-18,"sadness",0.0608012771701092
2020-03-25,"sadness",0.0873609475212635
2020-04-01,"sadness",0.07639347819757
2020-04-08,"sadness",0.0920706376017273
2020-04-15,"sadness",0.0666205017213922
2020-04-22,"sadness",0.03685051017599
2020-04-29,"sadness",0.0476522060362719
2020-05-06,"sadness",0.0208844943902939
2020-05-13,"sadness",-0.0645401635852474
2020-05-20,"sadness",-0.0156043832862437
2020-05-27,"sadness",0.0152249871894627
2020-06-03,"sadness",0.0200282816670587
2020-06-10,"sadness",-0.0208219424300966
2020-06-17,"sadness",-0.0333638883892078
2020-06-24,"sadness",-0.0815194890932632
2020-07-01,"sadness",-0.0995229625264708
2020-07-08,"sadness",-0.124695037169451
2020-07-15,"sadness",-0.0919185799620851
2020-07-22,"sadness",0.0211246373094483
2020-07-29,"sadness",0.11687005489786
2020-08-05,"sadness",0.120179625080271
2020-08-12,"sadness",-0.0207595164390906
2020-08-19,"sadness",0.00981293959657124
2020-08-26,"sadness",-0.0650148642810599
2020-09-02,"sadness",-0.028457720948828
2020-09-09,"sadness",0.124093490860298
2020-09-16,"sadness",-0.0412741460754227
2020-09-23,"sadness",0.0372972630130404
2020-09-30,"sadness",0.00246158848042805
2020-10-07,"sadness",0.00461883091627372
2020-10-14,"sadness",0.0201225012553833
2020-10-21,"sadness",0.0431187218667265
2020-10-28,"sadness",0.0443620793969377
2020-11-04,"sadness",0.196514952649315
2020-11-11,"sadness",0.16651660121444
2020-11-18,"sadness",0.059949682763753
2020-11-25,"sadness",0.0829530511696308
2020-12-02,"sadness",0.0892883136255492
2020-12-09,"sadness",0.119408446572988
2020-12-16,"sadness",0.124709552349252
2020-12-23,"sadness",0.0504653252602954
2020-12-30,"sadness",0.112947831427347
2021-01-06,"sadness",0.130210966285869
2021-01-13,"sadness",0.025600902966907
2021-01-20,"sadness",0.0184186811776116
2020-01-03,"social",0.0412929139803694
2020-01-10,"social",0.0154668289383882
2020-01-17,"social",-0.015537819008126
2020-01-24,"social",0.0119199431873773
2020-01-31,"social",-0.0141178155395746
2020-02-07,"social",0.0291698168451213
2020-02-14,"social",0.0112592421067329
2020-02-21,"social",0.0314663125199664
2020-02-28,"social",0.00218365238279634
2020-03-06,"social",0.0412147411665143
2020-03-13,"social",0.0402100590471735
2020-03-20,"social",0.0787442192825216
2020-03-27,"social",0.0418261982909443
2020-04-03,"social",0.0437690904557019
2020-04-10,"social",0.0284964266244911
2020-04-17,"social",0.0146327268008616
2020-04-24,"social",0.0592424895443054
2020-05-01,"social",0.0396322907807239
2020-05-08,"social",0.0205540055939623
2020-05-15,"social",0.0480188372945979
2020-05-22,"social",0.00561041574959995
2020-05-29,"social",0.0336047952253569
2020-06-05,"social",0.0544297729780877
2020-06-12,"social",0.0169364230416768
2020-06-19,"social",0.0214064904411188
2020-06-26,"social",0.0223625489527414
2020-07-03,"social",0.000788937963340488
2020-07-10,"social",-0.0384141059457816
2020-07-17,"social",0.0121950871323279
2020-07-24,"social",0.0169676722507578
2020-07-31,"social",-0.00242737840447994
2020-08-07,"social",-0.00343299855668721
2020-08-14,"social",-0.0107777974074442
2020-08-21,"social",0.00400128975905547
2020-08-28,"social",0.014992981138673
2020-09-04,"social",-0.0142647746725857
2020-09-11,"social",0.039999496654846
2020-09-18,"social",-0.00036785982045183
2020-09-25,"social",0.0165169627333266
2020-10-02,"social",-0.00419472373310086
2020-10-09,"social",-0.0199338231581959
2020-10-16,"social",0.0126809395864441
2020-10-23,"social",-0.00203854385989228
2020-10-30,"social",0.0619382877387375
2020-11-06,"social",0.0290773730697241
2020-11-13,"social",0.0641934396583242
2020-11-20,"social",0.0146663130935306
2020-11-27,"social",0.0441897791275703
2020-12-04,"social",0.0265917130789509
2020-12-11,"social",0.0421028089263715
2020-12-18,"social",0.0446148354767464
2020-12-25,"social",-0.00471903968724677
2021-01-01,"social",-0.0234600795806304
2021-01-08,"social",0.0470327347519671
2021-01-15,"social",0.0337650870337916
2021-01-22,"social",0.017337426998893
2020-01-06,"social",0.00846131605566063
2020-01-13,"social",0.034968671519164
2020-01-20,"social",-0.000169371456782273
2020-01-27,"social",0.012352380740137
2020-02-03,"social",0.0110394028138236
2020-02-10,"social",-0.0526164969927101
2020-02-17,"social",0.0121148359312161
2020-02-24,"social",-0.00461780482158279
2020-03-02,"social",0.0525546731682144
2020-03-09,"social",0.0418652350704198
2020-03-16,"social",0.0577609276174512
2020-03-23,"social",0.0495411152788455
2020-03-30,"social",0.0613959854209765
2020-04-06,"social",0.0574480083673137
2020-04-13,"social",0.0287720568538781
2020-04-20,"social",0.0408306126515099
2020-04-27,"social",0.0743472794394152
2020-05-04,"social",0.0330147501273982
2020-05-11,"social",-0.000630068392974342
2020-05-18,"social",0.0296657099257273
2020-05-25,"social",0.014613933236022
2020-06-01,"social",0.0298705052299456
2020-06-08,"social",0.00840411156583771
2020-06-15,"social",0.0103425513125314
2020-06-22,"social",0.00858413179970372
2020-06-29,"social",-0.00238736080191474
2020-07-06,"social",-0.0155612296479432
2020-07-13,"social",-0.00663275698512599
2020-07-20,"social",0.00856973867830838
2020-07-27,"social",-0.00789657237241352
2020-08-03,"social",-0.0219584989874203
2020-08-10,"social",-0.0186551119842706
2020-08-17,"social",-0.00105011397481516
2020-08-24,"social",0.0210950423096139
2020-08-31,"social",0.00451313158325326
2020-09-07,"social",0.0119222361346298
2020-09-14,"social",0.0215125194600414
2020-09-21,"social",0.010924635848886
2020-09-28,"social",0.0212293778085076
2020-10-05,"social",-0.000317737515864922
2020-10-12,"social",-0.00793683243201392
2020-10-19,"social",0.0507332233453434
2020-10-26,"social",-0.00279264350256473
2020-11-02,"social",0.0475898952362576
2020-11-09,"social",0.0387547405259796
2020-11-16,"social",0.0478630512672674
2020-11-23,"social",0.0323607138911297
2020-11-30,"social",0.0252658894105951
2020-12-07,"social",0.0531550856022658
2020-12-14,"social",0.0397042038697913
2020-12-21,"social",0.0163471071001751
2020-12-28,"social",0.02028159072626
2021-01-04,"social",0.0404789158885126
2021-01-11,"social",0.0284947526967498
2021-01-18,"social",0.0179235739987707
2021-01-25,"social",0.0202105057712268
2020-01-04,"social",0.0382024260811824
2020-01-11,"social",0.00504690782088458
2020-01-18,"social",0.00486533416202156
2020-01-25,"social",0.0126690637716386
2020-02-01,"social",-0.0159072614592496
2020-02-08,"social",-0.0121675482989871
2020-02-15,"social",-0.00466149809343372
2020-02-22,"social",0.0408980389133544
2020-02-29,"social",0.05598270379054
2020-03-07,"social",0.0543531482958535
2020-03-14,"social",0.0690562647778902
2020-03-21,"social",0.0812687408593549
2020-03-28,"social",0.0501202885945241
2020-04-04,"social",0.080521202836245
2020-04-11,"social",0.0338166768260165
2020-04-18,"social",0.0230995409366703
2020-04-25,"social",0.0581485267679632
2020-05-02,"social",0.0716041958910782
2020-05-09,"social",0.0238095460654433
2020-05-16,"social",0.00810712307321329
2020-05-23,"social",0.00187933326637032
2020-05-30,"social",0.0153199259332339
2020-06-06,"social",0.0192631003757793
2020-06-13,"social",0.0122370078603011
2020-06-20,"social",0.0276441404697465
2020-06-27,"social",-0.00870166509929749
2020-07-04,"social",-0.0293377232711195
2020-07-11,"social",0.0294605430576582
2020-07-18,"social",0.0188540713932102
2020-07-25,"social",0.0103171094781665
2020-08-01,"social",-0.0032303313838427
2020-08-08,"social",-0.0114708866767492
2020-08-15,"social",0.0271865204811781
2020-08-22,"social",0.000768332722200029
2020-08-29,"social",0.00559736605858046
2020-09-05,"social",0.00776262702318455
2020-09-12,"social",0.0660302849371137
2020-09-19,"social",0.0166945025271423
2020-09-26,"social",0.0210127521681565
2020-10-03,"social",-0.00441396994618497
2020-10-10,"social",0.00629595373909057
2020-10-17,"social",0.035865333877117
2020-10-24,"social",0.0167406617807205
2020-10-31,"social",0.0614892040433279
2020-11-07,"social",0.0601975901783952
2020-11-14,"social",0.0624746843993174
2020-11-21,"social",-0.000317909431486151
2020-11-28,"social",0.0545313007444948
2020-12-05,"social",0.049827174990388
2020-12-12,"social",0.047355300268152
2020-12-19,"social",0.0407795507418454
2020-12-26,"social",0.0125367183981978
2021-01-02,"social",0.0325535151028806
2021-01-09,"social",0.0488253888063742
2021-01-16,"social",0.0361490574823837
2021-01-23,"social",0.0388746561320366
2020-01-05,"social",0.0378126361177513
2020-01-12,"social",0.0185037254110129
2020-01-19,"social",0.00633497424489805
2020-01-26,"social",-0.0178593693469527
2020-02-02,"social",-0.0353964157215077
2020-02-09,"social",-0.00277095386308587
2020-02-16,"social",0.0156215877067472
2020-02-23,"social",-0.0282653352929519
2020-03-01,"social",0.0438006409799284
2020-03-08,"social",0.0858668295328022
2020-03-15,"social",0.0883761662252236
2020-03-22,"social",0.0480080611725834
2020-03-29,"social",0.0682570411893387
2020-04-05,"social",0.0626622223817409
2020-04-12,"social",0.0247073027346336
2020-04-19,"social",0.0332055580342024
2020-04-26,"social",0.0370737842395961
2020-05-03,"social",0.0397361614684511
2020-05-10,"social",0.0582091145585544
2020-05-17,"social",0.0389867524377983
2020-05-24,"social",0.040396708058574
2020-05-31,"social",0.05011627038751
2020-06-07,"social",0.00447468647988442
2020-06-14,"social",0.0329061046895155
2020-06-21,"social",0.0111948848395211
2020-06-28,"social",-0.0354776289013682
2020-07-05,"social",-0.022402723517324
2020-07-12,"social",-0.00200795945697085
2020-07-19,"social",0.017279798196644
2020-07-26,"social",0.00618924353069044
2020-08-02,"social",0.00830399867002948
2020-08-09,"social",-0.019828518042947
2020-08-16,"social",0.00171581478810587
2020-08-23,"social",0.0266008665129898
2020-08-30,"social",-0.00179688489387698
2020-09-06,"social",0.0227561752066275
2020-09-13,"social",0.0459299196707297
2020-09-20,"social",0.0111812881349326
2020-09-27,"social",-0.00135016293625159
2020-10-04,"social",0.00314165693579018
2020-10-11,"social",-0.0421004569318482
2020-10-18,"social",0.0469880155024459
2020-10-25,"social",0.0309879483607017
2020-11-01,"social",0.0641836162492582
2020-11-08,"social",0.0441804634440197
2020-11-15,"social",0.0786901999096951
2020-11-22,"social",0.00285203239472026
2020-11-29,"social",0.0384375511088942
2020-12-06,"social",0.0301723562994618
2020-12-13,"social",0.0557361251428699
2020-12-20,"social",0.0246623374827592
2020-12-27,"social",0.0292035369754489
2021-01-03,"social",0.0357940108140715
2021-01-10,"social",0.0434267308230617
2021-01-17,"social",0.0626778285076569
2021-01-24,"social",0.00919447778998712
2020-01-02,"social",0.0169428929550662
2020-01-09,"social",0.0258649751646377
2020-01-16,"social",0.0163424231237689
2020-01-23,"social",0.00417088647761052
2020-01-30,"social",0.00203073113568858
2020-02-06,"social",0.0251850137318834
2020-02-13,"social",0.0117441755772655
2020-02-20,"social",0.0290379963424904
2020-02-27,"social",0.0100626286239972
2020-03-05,"social",0.0433056448577659
2020-03-12,"social",0.0584765454648328
2020-03-19,"social",0.0540947624388835
2020-03-26,"social",0.0412439156032514
2020-04-02,"social",0.0428386191754183
2020-04-09,"social",0.0308630801852941
2020-04-16,"social",0.018515650171687
2020-04-23,"social",0.0436711142045801
2020-04-30,"social",0.032541767547265
2020-05-07,"social",0.0215439451484616
2020-05-14,"social",0.0666580800437734
2020-05-21,"social",0.0126107043915241
2020-05-28,"social",0.0141658869534269
2020-06-04,"social",0.0509653491617801
2020-06-11,"social",0.0106849515825435
2020-06-18,"social",0.0239430941336997
2020-06-25,"social",0.0232283727346008
2020-07-02,"social",0.0112588136438528
2020-07-09,"social",-0.00222156762298462
2020-07-16,"social",0.00130475969025339
2020-07-23,"social",0.0217590406099699
2020-07-30,"social",0.0177716704255205
2020-08-06,"social",-0.0106450827914661
2020-08-13,"social",-0.0311685339981376
2020-08-20,"social",0.0142559502368541
2020-08-27,"social",0.0110907184974944
2020-09-03,"social",-0.00303288338874906
2020-09-10,"social",0.0559582405887672
2020-09-17,"social",0.0328132742955936
2020-09-24,"social",0.0186017243914967
2020-10-01,"social",-0.0066077567229601
2020-10-08,"social",0.0380838986913693
2020-10-15,"social",0.0211638374836944
2020-10-22,"social",0.0271244519574061
2020-10-29,"social",0.05683991726427
2020-11-05,"social",0.0221980029461273
2020-11-12,"social",0.0487784693911529
2020-11-19,"social",0.0161459075642543
2020-11-26,"social",0.0359311773855144
2020-12-03,"social",0.04803895327854
2020-12-10,"social",0.0436315290916196
2020-12-17,"social",0.0337935096301418
2020-12-24,"social",0.0333486348931799
2020-12-31,"social",0.0032786085182241
2021-01-07,"social",0.0177530588352203
2021-01-14,"social",0.0338415835369801
2021-01-21,"social",0.0221985670378598
2020-01-07,"social",-0.0175239295128087
2020-01-14,"social",0.016496213136548
2020-01-21,"social",0.00983663080619007
2020-01-28,"social",-0.0123284071271914
2020-02-04,"social",-0.0293548501061394
2020-02-11,"social",-0.0078901690718052
2020-02-18,"social",0.00298890617503028
2020-02-25,"social",-0.00884584202567413
2020-03-03,"social",0.0406011679710766
2020-03-10,"social",0.0520660384681301
2020-03-17,"social",0.0550082819084569
2020-03-24,"social",0.0448066694071039
2020-03-31,"social",0.0493023646737889
2020-04-07,"social",0.0340738843073299
2020-04-14,"social",0.0242464018496925
2020-04-21,"social",0.024574893518186
2020-04-28,"social",0.0428169948800329
2020-05-05,"social",0.0339251582222442
2020-05-12,"social",0.0501845521834978
2020-05-19,"social",-0.000391906181887145
2020-05-26,"social",0.00169523527902643
2020-06-02,"social",0.0309463142786909
2020-06-09,"social",-0.00651607566884716
2020-06-16,"social",0.00790842602785571
2020-06-23,"social",-0.0220249237191527
2020-06-30,"social",0.000960967806948503
2020-07-07,"social",-0.00754442581822713
2020-07-14,"social",-0.0296315625326567
2020-07-21,"social",-0.00765812305829217
2020-07-28,"social",-0.0430153438366476
2020-08-04,"social",-0.012953716673086
2020-08-11,"social",-0.00943883037852523
2020-08-18,"social",0.0183245169971744
2020-08-25,"social",0.00704025124153026
2020-09-01,"social",0.00742577393905555
2020-09-08,"social",-0.0168297830403806
2020-09-15,"social",0.0153882171342379
2020-09-22,"social",0.00517255159092287
2020-09-29,"social",0.0169496296354384
2020-10-06,"social",0.013826814814418
2020-10-13,"social",-0.001625999095415
2020-10-20,"social",0.000848463595046424
2020-10-27,"social",0.00155194130341668
2020-11-03,"social",0.0938239917726797
2020-11-10,"social",0.0421119283353028
2020-11-17,"social",0.0194870488817157
2020-11-24,"social",0.00822419063880085
2020-12-01,"social",0.00585647842805535
2020-12-08,"social",0.0238187757616602
2020-12-15,"social",0.0284221140236155
2020-12-22,"social",0.0325431950028453
2020-12-29,"social",-0.00231312456928465
2021-01-05,"social",0.0243948474728802
2021-01-12,"social",0.0273740206361895
2021-01-19,"social",0.0177511485631
2021-01-26,"social",0.0147509899485557
2020-01-01,"social",-0.0575810704963252
2020-01-08,"social",-0.00499619368804409
2020-01-15,"social",0.0173448282420409
2020-01-22,"social",0.0117314953467433
2020-01-29,"social",-0.00971010190530762
2020-02-05,"social",0.0149671297228178
2020-02-12,"social",0.00435590963838828
2020-02-19,"social",0.0224864070062209
2020-02-26,"social",-0.0172191857767803
2020-03-04,"social",0.0441440512905326
2020-03-11,"social",0.0430631617919548
2020-03-18,"social",0.0654115507548739
2020-03-25,"social",0.0241337793996065
2020-04-01,"social",0.0434933096835997
2020-04-08,"social",0.0307525097889631
2020-04-15,"social",0.0346197552730807
2020-04-22,"social",0.0525437290359417
2020-04-29,"social",0.0431099216213367
2020-05-06,"social",0.0220659188973452
2020-05-13,"social",0.0336653185802535
2020-05-20,"social",0.0214541803487713
2020-05-27,"social",0.0225237499861814
2020-06-03,"social",0.0115185668467412
2020-06-10,"social",-0.00402112925167813
2020-06-17,"social",-0.00579119695931485
2020-06-24,"social",0.005976708867602
2020-07-01,"social",-0.00208525508372449
2020-07-08,"social",0.0100131984622876
2020-07-15,"social",-0.0231087001082633
2020-07-22,"social",-0.0256773297675969
2020-07-29,"social",0.0118613043043887
2020-08-05,"social",-0.015338880001003
2020-08-12,"social",0.0073961022804648
2020-08-19,"social",0.00478554605979699
2020-08-26,"social",-0.00195007290974557
2020-09-02,"social",-0.000599185277479787
2020-09-09,"social",0.0546617930405439
2020-09-16,"social",0.0121476264989866
2020-09-23,"social",0.0212000540208514
2020-09-30,"social",0.0198771866725528
2020-10-07,"social",0.012880944477914
2020-10-14,"social",0.0256552098322194
2020-10-21,"social",0.0143333719725976
2020-10-28,"social",0.0231066208947732
2020-11-04,"social",0.0132488919505383
2020-11-11,"social",0.0386186419274447
2020-11-18,"social",0.0192851874438617
2020-11-25,"social",0.0338317027954189
2020-12-02,"social",0.0330725425532709
2020-12-09,"social",0.02873394775039
2020-12-16,"social",0.0238769088521052
2020-12-23,"social",0.0227976456546491
2020-12-30,"social",0.014960799597299
2021-01-06,"social",0.0258658297420112
2021-01-13,"social",0.0283283267031076
2021-01-20,"social",0.00146652930774446
